0 verbose cli /opt/homebrew/Cellar/node@20/20.19.5/bin/node /opt/homebrew/Cellar/node@20/20.19.5/lib/node_modules/npm/bin/npm-cli.js
1 info using npm@10.8.2
2 info using node@v20.19.5
3 silly config load:file:/opt/homebrew/Cellar/node@20/20.19.5/lib/node_modules/npm/npmrc
4 silly config load:file:/Users/zach/.npmrc
5 silly config load:file:/opt/homebrew/etc/npmrc
6 verbose title npm exec expo run:ios
7 verbose argv "exec" "--" "expo" "run:ios"
8 verbose logfile logs-max:10 dir:/Users/zach/projects/Steppin/.npm-cache/_logs/2025-10-10T13_21_02_790Z-
9 verbose logfile /Users/zach/projects/Steppin/.npm-cache/_logs/2025-10-10T13_21_02_790Z-debug-0.log
10 silly logfile done cleaning log files
11 silly packumentCache heap:4345298944 maxSize:1086324736 maxEntrySize:543162368
12 verbose shrinkwrap failed to load node_modules/.package-lock.json out of date, updated: node_modules
13 http fetch GET 200 https://registry.npmjs.org/expo 770ms (cache miss)
14 silly packumentCache heap:4345298944 maxSize:1086324736 maxEntrySize:543162368
15 silly packumentCache heap:4345298944 maxSize:1086324736 maxEntrySize:543162368
16 silly idealTree buildDeps
17 silly fetch manifest expo@54.0.13
18 silly packumentCache full:https://registry.npmjs.org/expo cache-miss
19 http fetch GET 200 https://registry.npmjs.org/expo 479ms (cache updated)
20 silly packumentCache full:https://registry.npmjs.org/expo set size:undefined disposed:false
21 silly fetch manifest @expo/dom-webview@*
22 silly packumentCache full:https://registry.npmjs.org/@expo%2fdom-webview cache-miss
23 http fetch GET 200 https://registry.npmjs.org/@expo%2fdom-webview 146ms (cache updated)
24 silly packumentCache full:https://registry.npmjs.org/@expo%2fdom-webview set size:undefined disposed:false
25 silly fetch manifest react@*
26 silly packumentCache full:https://registry.npmjs.org/react cache-miss
27 http fetch GET 200 https://registry.npmjs.org/react 153ms (cache updated)
28 silly packumentCache full:https://registry.npmjs.org/react set size:undefined disposed:false
29 silly fetch manifest react-native@*
30 silly packumentCache full:https://registry.npmjs.org/react-native cache-miss
31 http fetch GET 200 https://registry.npmjs.org/react-native 490ms (cache updated)
32 silly packumentCache full:https://registry.npmjs.org/react-native set size:undefined disposed:false
33 silly fetch manifest @types/react@^19.1.1
34 silly packumentCache full:https://registry.npmjs.org/@types%2freact cache-miss
35 http fetch GET 200 https://registry.npmjs.org/@types%2freact 463ms (cache updated)
36 silly packumentCache full:https://registry.npmjs.org/@types%2freact set size:undefined disposed:false
37 silly fetch manifest @expo/metro-runtime@*
38 silly packumentCache full:https://registry.npmjs.org/@expo%2fmetro-runtime cache-miss
39 http fetch GET 200 https://registry.npmjs.org/@expo%2fmetro-runtime 132ms (cache updated)
40 silly packumentCache full:https://registry.npmjs.org/@expo%2fmetro-runtime set size:undefined disposed:false
41 silly fetch manifest react-dom@*
42 silly packumentCache full:https://registry.npmjs.org/react-dom cache-miss
43 http fetch GET 200 https://registry.npmjs.org/react-dom 194ms (cache updated)
44 silly packumentCache full:https://registry.npmjs.org/react-dom set size:undefined disposed:false
45 silly fetch manifest react-native-webview@*
46 silly packumentCache full:https://registry.npmjs.org/react-native-webview cache-miss
47 http fetch GET 200 https://registry.npmjs.org/react-native-webview 454ms (cache revalidated)
48 silly packumentCache full:https://registry.npmjs.org/react-native-webview set size:1350913 disposed:false
49 silly placeDep ROOT expo@54.0.13 OK for:  want: 54.0.13
50 silly placeDep ROOT react@19.2.0 OK for: expo@54.0.13 want: *
51 silly placeDep ROOT react-native@0.82.0 OK for: expo@54.0.13 want: *
52 silly fetch manifest @expo/cli@54.0.11
53 silly packumentCache full:https://registry.npmjs.org/@expo%2fcli cache-miss
54 silly fetch manifest expo-font@~14.0.9
55 silly packumentCache full:https://registry.npmjs.org/expo-font cache-miss
56 silly fetch manifest expo-asset@~12.0.9
57 silly packumentCache full:https://registry.npmjs.org/expo-asset cache-miss
58 silly fetch manifest @expo/metro@~54.0.0
59 silly packumentCache full:https://registry.npmjs.org/@expo%2fmetro cache-miss
60 silly fetch manifest @expo/config@~12.0.10
61 silly packumentCache full:https://registry.npmjs.org/@expo%2fconfig cache-miss
62 silly fetch manifest pretty-format@^29.7.0
63 silly packumentCache full:https://registry.npmjs.org/pretty-format cache-miss
64 silly fetch manifest react-refresh@^0.14.2
65 silly packumentCache full:https://registry.npmjs.org/react-refresh cache-miss
66 silly fetch manifest @babel/runtime@^7.20.0
67 silly packumentCache full:https://registry.npmjs.org/@babel%2fruntime cache-miss
68 silly fetch manifest @expo/devtools@0.1.7
69 silly packumentCache full:https://registry.npmjs.org/@expo%2fdevtools cache-miss
70 silly fetch manifest expo-constants@~18.0.9
71 silly packumentCache full:https://registry.npmjs.org/expo-constants cache-miss
72 silly fetch manifest expo-keep-awake@~15.0.7
73 silly packumentCache full:https://registry.npmjs.org/expo-keep-awake cache-miss
74 http fetch GET 200 https://registry.npmjs.org/expo-font 181ms (cache updated)
75 silly packumentCache full:https://registry.npmjs.org/expo-font set size:undefined disposed:false
76 silly fetch manifest expo-file-system@~19.0.17
77 silly packumentCache full:https://registry.npmjs.org/expo-file-system cache-miss
78 http fetch GET 200 https://registry.npmjs.org/expo-file-system 60ms (cache updated)
79 silly packumentCache full:https://registry.npmjs.org/expo-file-system set size:undefined disposed:false
80 silly fetch manifest @expo/fingerprint@0.15.1
81 silly packumentCache full:https://registry.npmjs.org/@expo%2ffingerprint cache-miss
82 http fetch GET 200 https://registry.npmjs.org/@babel%2fruntime 264ms (cache revalidated)
83 silly packumentCache full:https://registry.npmjs.org/@babel%2fruntime set size:3222662 disposed:false
84 silly fetch manifest babel-preset-expo@~54.0.3
85 silly packumentCache full:https://registry.npmjs.org/babel-preset-expo cache-miss
86 http fetch GET 200 https://registry.npmjs.org/@expo%2fdevtools 286ms (cache updated)
87 silly packumentCache full:https://registry.npmjs.org/@expo%2fdevtools set size:undefined disposed:false
88 silly fetch manifest expo-modules-core@3.0.21
89 silly packumentCache full:https://registry.npmjs.org/expo-modules-core cache-miss
90 http fetch GET 200 https://registry.npmjs.org/pretty-format 290ms (cache revalidated)
91 silly packumentCache full:https://registry.npmjs.org/pretty-format set size:591748 disposed:false
92 silly fetch manifest @expo/metro-config@54.0.6
93 silly packumentCache full:https://registry.npmjs.org/@expo%2fmetro-config cache-miss
94 http fetch GET 200 https://registry.npmjs.org/expo-keep-awake 303ms (cache updated)
95 silly packumentCache full:https://registry.npmjs.org/expo-keep-awake set size:undefined disposed:false
96 silly fetch manifest @expo/vector-icons@^15.0.2
97 silly packumentCache full:https://registry.npmjs.org/@expo%2fvector-icons cache-miss
98 http fetch GET 200 https://registry.npmjs.org/@expo%2fmetro 309ms (cache revalidated)
99 silly packumentCache full:https://registry.npmjs.org/@expo%2fmetro set size:12982 disposed:false
100 silly fetch manifest @expo/config-plugins@~54.0.2
101 silly packumentCache full:https://registry.npmjs.org/@expo%2fconfig-plugins cache-miss
102 http fetch GET 200 https://registry.npmjs.org/expo-asset 311ms (cache updated)
103 silly packumentCache full:https://registry.npmjs.org/expo-asset set size:undefined disposed:false
104 silly fetch manifest @ungap/structured-clone@^1.3.0
105 silly packumentCache full:https://registry.npmjs.org/@ungap%2fstructured-clone cache-miss
106 http fetch GET 200 https://registry.npmjs.org/expo-constants 313ms (cache updated)
107 silly packumentCache full:https://registry.npmjs.org/expo-constants set size:undefined disposed:false
108 silly fetch manifest expo-modules-autolinking@3.0.15
109 silly packumentCache full:https://registry.npmjs.org/expo-modules-autolinking cache-miss
110 http fetch GET 200 https://registry.npmjs.org/@expo%2fconfig 323ms (cache updated)
111 silly packumentCache full:https://registry.npmjs.org/@expo%2fconfig set size:undefined disposed:false
112 silly fetch manifest whatwg-url-without-unicode@8.0.0-3
113 silly packumentCache full:https://registry.npmjs.org/whatwg-url-without-unicode cache-miss
114 http fetch GET 200 https://registry.npmjs.org/@expo%2fcli 329ms (cache updated)
115 silly packumentCache full:https://registry.npmjs.org/@expo%2fcli set size:undefined disposed:false
116 silly fetch manifest ws@^6.2.3
117 silly packumentCache full:https://registry.npmjs.org/ws cache-miss
118 http fetch GET 200 https://registry.npmjs.org/@expo%2ffingerprint 461ms (cache updated)
119 silly packumentCache full:https://registry.npmjs.org/@expo%2ffingerprint set size:undefined disposed:false
120 silly fetch manifest glob@^7.1.1
121 silly packumentCache full:https://registry.npmjs.org/glob cache-miss
122 http fetch GET 200 https://registry.npmjs.org/babel-preset-expo 442ms (cache updated)
123 silly packumentCache full:https://registry.npmjs.org/babel-preset-expo set size:undefined disposed:false
124 silly fetch manifest anser@^1.4.9
125 silly packumentCache full:https://registry.npmjs.org/anser cache-miss
126 http fetch GET 200 https://registry.npmjs.org/expo-modules-core 436ms (cache updated)
127 silly packumentCache full:https://registry.npmjs.org/expo-modules-core set size:undefined disposed:false
128 silly fetch manifest yargs@^17.6.2
129 silly packumentCache full:https://registry.npmjs.org/yargs cache-miss
130 http fetch GET 200 https://registry.npmjs.org/@expo%2fmetro-config 523ms (cache updated)
131 silly packumentCache full:https://registry.npmjs.org/@expo%2fmetro-config set size:undefined disposed:false
132 silly fetch manifest semver@^7.1.3
133 silly packumentCache full:https://registry.npmjs.org/semver cache-miss
134 http fetch GET 200 https://registry.npmjs.org/ws 497ms (cache revalidated)
135 silly packumentCache full:https://registry.npmjs.org/ws set size:410885 disposed:false
136 silly fetch manifest promise@^8.3.0
137 silly packumentCache full:https://registry.npmjs.org/promise cache-miss
138 http fetch GET 200 https://registry.npmjs.org/react-refresh 838ms (cache updated)
139 silly packumentCache full:https://registry.npmjs.org/react-refresh set size:undefined disposed:false
140 silly fetch manifest base64-js@^1.5.1
141 silly packumentCache full:https://registry.npmjs.org/base64-js cache-miss
142 http fetch GET 200 https://registry.npmjs.org/whatwg-url-without-unicode 550ms (cache revalidated)
143 silly packumentCache full:https://registry.npmjs.org/whatwg-url-without-unicode set size:35141 disposed:false
144 silly fetch manifest commander@^12.0.0
145 silly packumentCache full:https://registry.npmjs.org/commander cache-miss
146 http fetch GET 200 https://registry.npmjs.org/yargs 153ms (cache revalidated)
147 silly packumentCache full:https://registry.npmjs.org/yargs set size:743056 disposed:false
148 silly fetch manifest invariant@^2.2.4
149 silly packumentCache full:https://registry.npmjs.org/invariant cache-miss
150 http fetch GET 200 https://registry.npmjs.org/glob 173ms (cache revalidated)
151 silly packumentCache full:https://registry.npmjs.org/glob set size:408718 disposed:false
152 silly fetch manifest scheduler@0.26.0
153 silly packumentCache full:https://registry.npmjs.org/scheduler cache-miss
154 http fetch GET 200 https://registry.npmjs.org/semver 65ms (cache updated)
155 silly packumentCache full:https://registry.npmjs.org/semver set size:undefined disposed:false
156 silly fetch manifest ansi-regex@^5.0.0
157 silly packumentCache full:https://registry.npmjs.org/ansi-regex cache-miss
158 http fetch GET 200 https://registry.npmjs.org/@expo%2fconfig-plugins 588ms (cache updated)
159 silly packumentCache full:https://registry.npmjs.org/@expo%2fconfig-plugins set size:undefined disposed:false
160 silly fetch manifest babel-jest@^29.7.0
161 silly packumentCache full:https://registry.npmjs.org/babel-jest cache-miss
162 http fetch GET 200 https://registry.npmjs.org/anser 181ms (cache revalidated)
163 silly packumentCache full:https://registry.npmjs.org/anser set size:113514 disposed:false
164 silly fetch manifest nullthrows@^1.1.1
165 silly packumentCache full:https://registry.npmjs.org/nullthrows cache-miss
166 http fetch GET 200 https://registry.npmjs.org/expo-modules-autolinking 589ms (cache updated)
167 silly packumentCache full:https://registry.npmjs.org/expo-modules-autolinking set size:undefined disposed:false
168 silly fetch manifest memoize-one@^5.0.0
169 silly packumentCache full:https://registry.npmjs.org/memoize-one cache-miss
170 http fetch GET 200 https://registry.npmjs.org/@expo%2fvector-icons 603ms (cache revalidated)
171 silly packumentCache full:https://registry.npmjs.org/@expo%2fvector-icons set size:215935 disposed:false
172 silly fetch manifest whatwg-fetch@^3.0.0
173 silly packumentCache full:https://registry.npmjs.org/whatwg-fetch cache-miss
174 http fetch GET 200 https://registry.npmjs.org/@ungap%2fstructured-clone 600ms (cache revalidated)
175 silly packumentCache full:https://registry.npmjs.org/@ungap%2fstructured-clone set size:55958 disposed:false
176 silly fetch manifest metro-runtime@^0.83.1
177 silly packumentCache full:https://registry.npmjs.org/metro-runtime cache-miss
178 http fetch GET 200 https://registry.npmjs.org/promise 86ms (cache revalidated)
179 silly packumentCache full:https://registry.npmjs.org/promise set size:112704 disposed:false
180 silly fetch manifest react-refresh@^0.14.0
181 silly packumentCache full:https://registry.npmjs.org/react-refresh cache-miss
182 http fetch GET 200 https://registry.npmjs.org/react-refresh 6ms (cache hit)
183 silly packumentCache full:https://registry.npmjs.org/react-refresh set size:5896666 disposed:false
184 silly fetch manifest hermes-compiler@0.0.0
185 silly packumentCache full:https://registry.npmjs.org/hermes-compiler cache-miss
186 http fetch GET 200 https://registry.npmjs.org/ansi-regex 133ms (cache revalidated)
187 silly packumentCache full:https://registry.npmjs.org/ansi-regex set size:43572 disposed:false
188 silly fetch manifest abort-controller@^3.0.0
189 silly packumentCache full:https://registry.npmjs.org/abort-controller cache-miss
190 http fetch GET 200 https://registry.npmjs.org/invariant 141ms (cache revalidated)
191 silly packumentCache full:https://registry.npmjs.org/invariant set size:22008 disposed:false
192 silly fetch manifest metro-source-map@^0.83.1
193 silly packumentCache full:https://registry.npmjs.org/metro-source-map cache-miss
194 http fetch GET 200 https://registry.npmjs.org/commander 148ms (cache revalidated)
195 silly packumentCache full:https://registry.npmjs.org/commander set size:342763 disposed:false
196 silly fetch manifest stacktrace-parser@^0.1.10
197 silly packumentCache full:https://registry.npmjs.org/stacktrace-parser cache-miss
198 http fetch GET 200 https://registry.npmjs.org/base64-js 155ms (cache revalidated)
199 silly packumentCache full:https://registry.npmjs.org/base64-js set size:41270 disposed:false
200 silly fetch manifest flow-enums-runtime@^0.0.6
201 silly packumentCache full:https://registry.npmjs.org/flow-enums-runtime cache-miss
202 http fetch GET 200 https://registry.npmjs.org/metro-runtime 119ms (cache revalidated)
203 silly packumentCache full:https://registry.npmjs.org/metro-runtime set size:195378 disposed:false
204 silly fetch manifest react-devtools-core@^6.1.5
205 silly packumentCache full:https://registry.npmjs.org/react-devtools-core cache-miss
206 http fetch GET 200 https://registry.npmjs.org/memoize-one 130ms (cache revalidated)
207 silly packumentCache full:https://registry.npmjs.org/memoize-one set size:217155 disposed:false
208 silly fetch manifest regenerator-runtime@^0.13.2
209 silly packumentCache full:https://registry.npmjs.org/regenerator-runtime cache-miss
210 http fetch GET 200 https://registry.npmjs.org/whatwg-fetch 127ms (cache revalidated)
211 silly packumentCache full:https://registry.npmjs.org/whatwg-fetch set size:121081 disposed:false
212 silly fetch manifest @react-native/codegen@0.82.0
213 silly packumentCache full:https://registry.npmjs.org/@react-native%2fcodegen cache-miss
214 http fetch GET 200 https://registry.npmjs.org/nullthrows 137ms (cache revalidated)
215 silly packumentCache full:https://registry.npmjs.org/nullthrows set size:14885 disposed:false
216 silly fetch manifest jest-environment-node@^29.7.0
217 silly packumentCache full:https://registry.npmjs.org/jest-environment-node cache-miss
218 http fetch GET 200 https://registry.npmjs.org/babel-jest 141ms (cache revalidated)
219 silly packumentCache full:https://registry.npmjs.org/babel-jest set size:684348 disposed:false
220 silly fetch manifest @react-native/js-polyfills@0.82.0
221 silly packumentCache full:https://registry.npmjs.org/@react-native%2fjs-polyfills cache-miss
222 http fetch GET 200 https://registry.npmjs.org/scheduler 177ms (cache updated)
223 silly packumentCache full:https://registry.npmjs.org/scheduler set size:undefined disposed:false
224 silly fetch manifest @react-native/gradle-plugin@0.82.0
225 silly packumentCache full:https://registry.npmjs.org/@react-native%2fgradle-plugin cache-miss
226 http fetch GET 200 https://registry.npmjs.org/hermes-compiler 124ms (cache miss)
227 silly packumentCache full:https://registry.npmjs.org/hermes-compiler set size:undefined disposed:false
228 silly fetch manifest @react-native/assets-registry@0.82.0
229 silly packumentCache full:https://registry.npmjs.org/@react-native%2fassets-registry cache-miss
230 http fetch GET 200 https://registry.npmjs.org/stacktrace-parser 67ms (cache revalidated)
231 silly packumentCache full:https://registry.npmjs.org/stacktrace-parser set size:31168 disposed:false
232 silly fetch manifest @react-native/normalize-colors@0.82.0
233 silly packumentCache full:https://registry.npmjs.org/@react-native%2fnormalize-colors cache-miss
234 http fetch GET 200 https://registry.npmjs.org/regenerator-runtime 60ms (cache revalidated)
235 silly packumentCache full:https://registry.npmjs.org/regenerator-runtime set size:59671 disposed:false
236 silly fetch manifest @jest/create-cache-key-function@^29.7.0
237 silly packumentCache full:https://registry.npmjs.org/@jest%2fcreate-cache-key-function cache-miss
238 http fetch GET 200 https://registry.npmjs.org/metro-source-map 75ms (cache revalidated)
239 silly packumentCache full:https://registry.npmjs.org/metro-source-map set size:404028 disposed:false
240 silly fetch manifest @react-native/virtualized-lists@0.82.0
241 silly packumentCache full:https://registry.npmjs.org/@react-native%2fvirtualized-lists cache-miss
242 http fetch GET 200 https://registry.npmjs.org/flow-enums-runtime 75ms (cache revalidated)
243 silly packumentCache full:https://registry.npmjs.org/flow-enums-runtime set size:20749 disposed:false
244 silly fetch manifest babel-plugin-syntax-hermes-parser@0.32.0
245 silly packumentCache full:https://registry.npmjs.org/babel-plugin-syntax-hermes-parser cache-miss
246 http fetch GET 200 https://registry.npmjs.org/jest-environment-node 67ms (cache revalidated)
247 silly packumentCache full:https://registry.npmjs.org/jest-environment-node set size:641406 disposed:false
248 silly fetch manifest @react-native/community-cli-plugin@0.82.0
249 silly packumentCache full:https://registry.npmjs.org/@react-native%2fcommunity-cli-plugin cache-miss
250 http fetch GET 200 https://registry.npmjs.org/react-devtools-core 81ms (cache updated)
251 silly packumentCache full:https://registry.npmjs.org/react-devtools-core set size:undefined disposed:false
252 http fetch GET 200 https://registry.npmjs.org/@react-native%2fcodegen 85ms (cache updated)
253 silly packumentCache full:https://registry.npmjs.org/@react-native%2fcodegen set size:undefined disposed:false
254 http fetch GET 200 https://registry.npmjs.org/abort-controller 536ms (cache revalidated)
255 silly packumentCache full:https://registry.npmjs.org/abort-controller set size:47272 disposed:false
256 http fetch GET 200 https://registry.npmjs.org/babel-plugin-syntax-hermes-parser 457ms (cache revalidated)
257 silly packumentCache full:https://registry.npmjs.org/babel-plugin-syntax-hermes-parser set size:86106 disposed:false
258 http fetch GET 200 https://registry.npmjs.org/@jest%2fcreate-cache-key-function 464ms (cache revalidated)
259 silly packumentCache full:https://registry.npmjs.org/@jest%2fcreate-cache-key-function set size:225965 disposed:false
260 http fetch GET 200 https://registry.npmjs.org/@react-native%2fjs-polyfills 538ms (cache updated)
261 silly packumentCache full:https://registry.npmjs.org/@react-native%2fjs-polyfills set size:undefined disposed:false
262 http fetch GET 200 https://registry.npmjs.org/@react-native%2fassets-registry 522ms (cache updated)
263 silly packumentCache full:https://registry.npmjs.org/@react-native%2fassets-registry set size:undefined disposed:false
264 http fetch GET 200 https://registry.npmjs.org/@react-native%2fnormalize-colors 511ms (cache updated)
265 silly packumentCache full:https://registry.npmjs.org/@react-native%2fnormalize-colors set size:undefined disposed:false
266 http fetch GET 200 https://registry.npmjs.org/@react-native%2fgradle-plugin 536ms (cache updated)
267 silly packumentCache full:https://registry.npmjs.org/@react-native%2fgradle-plugin set size:undefined disposed:false
268 http fetch GET 200 https://registry.npmjs.org/@react-native%2fvirtualized-lists 520ms (cache updated)
269 silly packumentCache full:https://registry.npmjs.org/@react-native%2fvirtualized-lists set size:undefined disposed:false
270 http fetch GET 200 https://registry.npmjs.org/@react-native%2fcommunity-cli-plugin 518ms (cache updated)
271 silly packumentCache full:https://registry.npmjs.org/@react-native%2fcommunity-cli-plugin set size:undefined disposed:false
272 silly fetch manifest expo@*
273 silly packumentCache full:https://registry.npmjs.org/expo cache-miss
274 http fetch GET 200 https://registry.npmjs.org/expo 7ms (cache hit)
275 silly packumentCache full:https://registry.npmjs.org/expo set size:3275880 disposed:false
276 silly fetch manifest expo-router@*
277 silly packumentCache full:https://registry.npmjs.org/expo-router cache-miss
278 http fetch GET 200 https://registry.npmjs.org/expo-router 1529ms (cache updated)
279 silly packumentCache full:https://registry.npmjs.org/expo-router set size:undefined disposed:false
280 silly fetch manifest @react-navigation/drawer@^7.5.0
281 silly packumentCache full:https://registry.npmjs.org/@react-navigation%2fdrawer cache-miss
282 http fetch GET 200 https://registry.npmjs.org/@react-navigation%2fdrawer 453ms (cache revalidated)
283 silly packumentCache full:https://registry.npmjs.org/@react-navigation%2fdrawer set size:1047555 disposed:false
284 silly fetch manifest @react-navigation/native@^7.1.18
285 silly packumentCache full:https://registry.npmjs.org/@react-navigation%2fnative cache-miss
286 http fetch GET 200 https://registry.npmjs.org/@react-navigation%2fnative 193ms (cache revalidated)
287 silly packumentCache full:https://registry.npmjs.org/@react-navigation%2fnative set size:956695 disposed:false
288 silly fetch manifest react-native-gesture-handler@>= 2.0.0
289 silly packumentCache full:https://registry.npmjs.org/react-native-gesture-handler cache-miss
290 http fetch GET 200 https://registry.npmjs.org/react-native-gesture-handler 67ms (cache revalidated)
291 silly packumentCache full:https://registry.npmjs.org/react-native-gesture-handler set size:572715 disposed:false
292 silly fetch manifest react-native-reanimated@>= 2.0.0
293 silly packumentCache full:https://registry.npmjs.org/react-native-reanimated cache-miss
294 http fetch GET 200 https://registry.npmjs.org/react-native-reanimated 524ms (cache updated)
295 silly packumentCache full:https://registry.npmjs.org/react-native-reanimated set size:undefined disposed:false
296 silly fetch manifest @babel/core@^7.0.0-0
297 silly packumentCache full:https://registry.npmjs.org/@babel%2fcore cache-miss
298 http fetch GET 200 https://registry.npmjs.org/@babel%2fcore 117ms (cache revalidated)
299 silly packumentCache full:https://registry.npmjs.org/@babel%2fcore set size:731531 disposed:false
300 silly fetch manifest react-native-worklets@>=0.5.0
301 silly packumentCache full:https://registry.npmjs.org/react-native-worklets cache-miss
302 http fetch GET 200 https://registry.npmjs.org/react-native-worklets 85ms (cache updated)
303 silly packumentCache full:https://registry.npmjs.org/react-native-worklets set size:undefined disposed:false
304 silly fetch manifest react-native-safe-area-context@>= 4.0.0
305 silly packumentCache full:https://registry.npmjs.org/react-native-safe-area-context cache-miss
306 http fetch GET 200 https://registry.npmjs.org/react-native-safe-area-context 42ms (cache revalidated)
307 silly packumentCache full:https://registry.npmjs.org/react-native-safe-area-context set size:652732 disposed:false
308 silly fetch manifest react-native-screens@>= 4.0.0
309 silly packumentCache full:https://registry.npmjs.org/react-native-screens cache-miss
310 http fetch GET 200 https://registry.npmjs.org/react-native-screens 65ms (cache updated)
311 silly packumentCache full:https://registry.npmjs.org/react-native-screens set size:undefined disposed:false
312 silly fetch manifest @testing-library/react-native@>= 12.0.0
313 silly packumentCache full:https://registry.npmjs.org/@testing-library%2freact-native cache-miss
314 http fetch GET 200 https://registry.npmjs.org/@testing-library%2freact-native 56ms (cache revalidated)
315 silly packumentCache full:https://registry.npmjs.org/@testing-library%2freact-native set size:559059 disposed:false
316 silly fetch manifest jest@>=29.0.0
317 silly packumentCache full:https://registry.npmjs.org/jest cache-miss
318 http fetch GET 200 https://registry.npmjs.org/jest 393ms (cache revalidated)
319 silly packumentCache full:https://registry.npmjs.org/jest set size:853656 disposed:false
320 silly fetch manifest node-notifier@^8.0.1 || ^9.0.0 || ^10.0.0
321 silly packumentCache full:https://registry.npmjs.org/node-notifier cache-miss
322 http fetch GET 200 https://registry.npmjs.org/node-notifier 142ms (cache revalidated)
323 silly packumentCache full:https://registry.npmjs.org/node-notifier set size:171533 disposed:false
324 silly fetch manifest react-test-renderer@>=18.2.0
325 silly packumentCache full:https://registry.npmjs.org/react-test-renderer cache-miss
326 http fetch GET 200 https://registry.npmjs.org/react-test-renderer 133ms (cache updated)
327 silly packumentCache full:https://registry.npmjs.org/react-test-renderer set size:undefined disposed:false
328 silly fetch manifest expo-linking@^8.0.8
329 silly packumentCache full:https://registry.npmjs.org/expo-linking cache-miss
330 http fetch GET 200 https://registry.npmjs.org/expo-linking 91ms (cache updated)
331 silly packumentCache full:https://registry.npmjs.org/expo-linking set size:undefined disposed:false
332 silly fetch manifest react-native-web@*
333 silly packumentCache full:https://registry.npmjs.org/react-native-web cache-miss
334 http fetch GET 200 https://registry.npmjs.org/react-native-web 55ms (cache revalidated)
335 silly packumentCache full:https://registry.npmjs.org/react-native-web set size:1088054 disposed:false
336 silly fetch manifest react-server-dom-webpack@>= 19.0.0
337 silly packumentCache full:https://registry.npmjs.org/react-server-dom-webpack cache-miss
338 http fetch GET 200 https://registry.npmjs.org/react-server-dom-webpack 781ms (cache updated)
339 silly packumentCache full:https://registry.npmjs.org/react-server-dom-webpack set size:undefined disposed:false
340 silly fetch manifest webpack@^5.59.0
341 silly packumentCache full:https://registry.npmjs.org/webpack cache-miss
342 http fetch GET 200 https://registry.npmjs.org/webpack 134ms (cache updated)
343 silly packumentCache full:https://registry.npmjs.org/webpack set size:undefined disposed:false
344 silly placeDep ROOT @babel/runtime@7.28.4 OK for: expo@54.0.13 want: ^7.20.0
345 silly placeDep ROOT @expo/cli@54.0.11 OK for: expo@54.0.13 want: 54.0.11
346 silly placeDep ROOT @expo/config@12.0.10 OK for: expo@54.0.13 want: ~12.0.10
347 silly placeDep ROOT @expo/config-plugins@54.0.2 OK for: expo@54.0.13 want: ~54.0.2
348 silly placeDep ROOT @expo/devtools@0.1.7 OK for: expo@54.0.13 want: 0.1.7
349 silly placeDep ROOT @expo/fingerprint@0.15.1 OK for: expo@54.0.13 want: 0.15.1
350 silly placeDep ROOT @expo/metro@54.0.0 OK for: expo@54.0.13 want: ~54.0.0
351 silly placeDep ROOT @expo/metro-config@54.0.6 OK for: expo@54.0.13 want: 54.0.6
352 silly placeDep ROOT @expo/vector-icons@15.0.2 OK for: expo@54.0.13 want: ^15.0.2
353 silly placeDep ROOT expo-font@14.0.9 OK for: @expo/vector-icons@15.0.2 want: >=14.0.4
354 silly placeDep ROOT @ungap/structured-clone@1.3.0 OK for: expo@54.0.13 want: ^1.3.0
355 silly placeDep ROOT babel-preset-expo@54.0.4 OK for: expo@54.0.13 want: ~54.0.3
356 silly placeDep ROOT react-refresh@0.14.2 OK for: babel-preset-expo@54.0.4 want: >=0.14.0 <1.0.0
357 silly placeDep ROOT expo-asset@12.0.9 OK for: expo@54.0.13 want: ~12.0.9
358 silly placeDep ROOT expo-constants@18.0.9 OK for: expo@54.0.13 want: ~18.0.9
359 silly placeDep ROOT expo-file-system@19.0.17 OK for: expo@54.0.13 want: ~19.0.17
360 silly placeDep ROOT expo-keep-awake@15.0.7 OK for: expo@54.0.13 want: ~15.0.7
361 silly placeDep ROOT expo-modules-autolinking@3.0.15 OK for: expo@54.0.13 want: 3.0.15
362 silly placeDep ROOT expo-modules-core@3.0.21 OK for: expo@54.0.13 want: 3.0.21
363 silly placeDep ROOT pretty-format@29.7.0 OK for: expo@54.0.13 want: ^29.7.0
364 silly placeDep ROOT whatwg-url-without-unicode@8.0.0-3 OK for: expo@54.0.13 want: 8.0.0-3
365 silly fetch manifest ws@^8.12.1
366 silly packumentCache full:https://registry.npmjs.org/ws cache-hit
367 silly fetch manifest arg@^5.0.2
368 silly packumentCache full:https://registry.npmjs.org/arg cache-miss
369 silly fetch manifest ora@^3.4.0
370 silly packumentCache full:https://registry.npmjs.org/ora cache-miss
371 silly fetch manifest tar@^7.4.3
372 silly packumentCache full:https://registry.npmjs.org/tar cache-miss
373 silly fetch manifest glob@^10.4.2
374 silly packumentCache full:https://registry.npmjs.org/glob cache-hit
375 silly fetch manifest send@^0.19.0
376 silly packumentCache full:https://registry.npmjs.org/send cache-miss
377 silly fetch manifest chalk@^4.0.0
378 silly packumentCache full:https://registry.npmjs.org/chalk cache-miss
379 silly fetch manifest debug@^4.3.4
380 silly packumentCache full:https://registry.npmjs.org/debug cache-miss
381 silly fetch manifest getenv@^2.0.0
382 silly packumentCache full:https://registry.npmjs.org/getenv cache-miss
383 silly fetch manifest semver@^7.6.0
384 silly packumentCache full:https://registry.npmjs.org/semver cache-miss
385 silly fetch manifest undici@^6.18.2
386 silly packumentCache full:https://registry.npmjs.org/undici cache-miss
387 silly fetch manifest accepts@^1.3.8
388 silly packumentCache full:https://registry.npmjs.org/accepts cache-miss
389 silly fetch manifest ci-info@^3.3.0
390 silly packumentCache full:https://registry.npmjs.org/ci-info cache-miss
391 http fetch GET 200 https://registry.npmjs.org/semver 14ms (cache hit)
392 silly packumentCache full:https://registry.npmjs.org/semver set size:226907 disposed:false
393 silly fetch manifest connect@^3.7.0
394 silly packumentCache full:https://registry.npmjs.org/connect cache-miss
395 http fetch GET 200 https://registry.npmjs.org/getenv 568ms (cache revalidated)
396 silly packumentCache full:https://registry.npmjs.org/getenv set size:20110 disposed:false
397 silly fetch manifest prompts@^2.3.2
398 silly packumentCache full:https://registry.npmjs.org/prompts cache-miss
399 http fetch GET 200 https://registry.npmjs.org/arg 576ms (cache revalidated)
400 silly packumentCache full:https://registry.npmjs.org/arg set size:67204 disposed:false
401 silly fetch manifest resolve@^1.22.2
402 silly packumentCache full:https://registry.npmjs.org/resolve cache-miss
403 http fetch GET 200 https://registry.npmjs.org/ora 577ms (cache revalidated)
404 silly packumentCache full:https://registry.npmjs.org/ora set size:134643 disposed:false
405 silly fetch manifest slugify@^1.3.4
406 silly packumentCache full:https://registry.npmjs.org/slugify cache-miss
407 http fetch GET 200 https://registry.npmjs.org/chalk 574ms (cache revalidated)
408 silly packumentCache full:https://registry.npmjs.org/chalk set size:117859 disposed:false
409 silly fetch manifest progress@^2.0.3
410 silly packumentCache full:https://registry.npmjs.org/progress cache-miss
411 http fetch GET 200 https://registry.npmjs.org/undici 575ms (cache revalidated)
412 silly packumentCache full:https://registry.npmjs.org/undici set size:1192026 disposed:false
413 silly fetch manifest requireg@^0.2.2
414 silly packumentCache full:https://registry.npmjs.org/requireg cache-miss
415 http fetch GET 200 https://registry.npmjs.org/connect 566ms (cache revalidated)
416 silly packumentCache full:https://registry.npmjs.org/connect set size:438385 disposed:false
417 silly fetch manifest @expo/env@~2.0.7
418 silly packumentCache full:https://registry.npmjs.org/@expo%2fenv cache-miss
419 http fetch GET 200 https://registry.npmjs.org/tar 592ms (cache revalidated)
420 silly packumentCache full:https://registry.npmjs.org/tar set size:422015 disposed:false
421 silly fetch manifest minimatch@^9.0.0
422 silly packumentCache full:https://registry.npmjs.org/minimatch cache-miss
423 http fetch GET 200 https://registry.npmjs.org/send 594ms (cache revalidated)
424 silly packumentCache full:https://registry.npmjs.org/send set size:147586 disposed:false
425 silly fetch manifest picomatch@^3.0.1
426 silly packumentCache full:https://registry.npmjs.org/picomatch cache-miss
427 http fetch GET 200 https://registry.npmjs.org/accepts 588ms (cache revalidated)
428 silly packumentCache full:https://registry.npmjs.org/accepts set size:77054 disposed:false
429 silly fetch manifest wrap-ansi@^7.0.0
430 silly packumentCache full:https://registry.npmjs.org/wrap-ansi cache-miss
431 http fetch GET 200 https://registry.npmjs.org/debug 593ms (cache revalidated)
432 silly packumentCache full:https://registry.npmjs.org/debug set size:195840 disposed:false
433 silly fetch manifest @urql/core@^5.0.6
434 silly packumentCache full:https://registry.npmjs.org/@urql%2fcore cache-miss
435 http fetch GET 200 https://registry.npmjs.org/ci-info 592ms (cache revalidated)
436 silly packumentCache full:https://registry.npmjs.org/ci-info set size:88895 disposed:false
437 silly fetch manifest better-opn@~3.0.2
438 silly packumentCache full:https://registry.npmjs.org/better-opn cache-miss
439 http fetch GET 200 https://registry.npmjs.org/progress 72ms (cache revalidated)
440 silly packumentCache full:https://registry.npmjs.org/progress set size:34179 disposed:false
441 silly fetch manifest env-editor@^0.4.1
442 silly packumentCache full:https://registry.npmjs.org/env-editor cache-miss
443 http fetch GET 200 https://registry.npmjs.org/minimatch 60ms (cache revalidated)
444 silly packumentCache full:https://registry.npmjs.org/minimatch set size:298903 disposed:false
445 silly fetch manifest node-forge@^1.3.1
446 silly packumentCache full:https://registry.npmjs.org/node-forge cache-miss
447 http fetch GET 200 https://registry.npmjs.org/requireg 72ms (cache revalidated)
448 silly packumentCache full:https://registry.npmjs.org/requireg set size:25788 disposed:false
449 silly fetch manifest @expo/plist@^0.4.7
450 silly packumentCache full:https://registry.npmjs.org/@expo%2fplist cache-miss
451 http fetch GET 200 https://registry.npmjs.org/better-opn 60ms (cache revalidated)
452 silly packumentCache full:https://registry.npmjs.org/better-opn set size:48876 disposed:false
453 silly fetch manifest compression@^1.7.4
454 silly packumentCache full:https://registry.npmjs.org/compression cache-miss
455 http fetch GET 200 https://registry.npmjs.org/picomatch 65ms (cache revalidated)
456 silly packumentCache full:https://registry.npmjs.org/picomatch set size:118818 disposed:false
457 silly fetch manifest expo-server@^1.0.1
458 silly packumentCache full:https://registry.npmjs.org/expo-server cache-miss
459 http fetch GET 200 https://registry.npmjs.org/resolve 86ms (cache revalidated)
460 silly packumentCache full:https://registry.npmjs.org/resolve set size:243806 disposed:false
461 silly fetch manifest lan-network@^0.1.6
462 silly packumentCache full:https://registry.npmjs.org/lan-network cache-miss
463 http fetch GET 200 https://registry.npmjs.org/wrap-ansi 70ms (cache revalidated)
464 silly packumentCache full:https://registry.npmjs.org/wrap-ansi set size:51195 disposed:false
465 silly fetch manifest pretty-bytes@^5.6.0
466 silly packumentCache full:https://registry.npmjs.org/pretty-bytes cache-miss
467 http fetch GET 200 https://registry.npmjs.org/prompts 189ms (cache revalidated)
468 silly packumentCache full:https://registry.npmjs.org/prompts set size:115896 disposed:false
469 silly fetch manifest resolve-from@^5.0.0
470 silly packumentCache full:https://registry.npmjs.org/resolve-from cache-miss
471 http fetch GET 200 https://registry.npmjs.org/env-editor 113ms (cache revalidated)
472 silly packumentCache full:https://registry.npmjs.org/env-editor set size:31241 disposed:false
473 silly fetch manifest @expo/devcert@^1.1.2
474 silly packumentCache full:https://registry.npmjs.org/@expo%2fdevcert cache-miss
475 http fetch GET 200 https://registry.npmjs.org/slugify 189ms (cache revalidated)
476 silly packumentCache full:https://registry.npmjs.org/slugify set size:99493 disposed:false
477 silly fetch manifest bplist-parser@^0.3.1
478 silly packumentCache full:https://registry.npmjs.org/bplist-parser cache-miss
479 http fetch GET 200 https://registry.npmjs.org/node-forge 111ms (cache revalidated)
480 silly packumentCache full:https://registry.npmjs.org/node-forge set size:383632 disposed:false
481 silly fetch manifest terminal-link@^2.1.1
482 silly packumentCache full:https://registry.npmjs.org/terminal-link cache-miss
483 http fetch GET 200 https://registry.npmjs.org/@urql%2fcore 172ms (cache revalidated)
484 silly packumentCache full:https://registry.npmjs.org/@urql%2fcore set size:1252596 disposed:false
485 silly fetch manifest @expo/xcpretty@^4.3.0
486 silly packumentCache full:https://registry.npmjs.org/@expo%2fxcpretty cache-miss
487 http fetch GET 200 https://registry.npmjs.org/@expo%2fenv 198ms (cache updated)
488 silly packumentCache full:https://registry.npmjs.org/@expo%2fenv set size:undefined disposed:false
489 silly fetch manifest bplist-creator@0.1.0
490 silly packumentCache full:https://registry.npmjs.org/bplist-creator cache-miss
491 http fetch GET 200 https://registry.npmjs.org/compression 135ms (cache revalidated)
492 silly packumentCache full:https://registry.npmjs.org/compression set size:98467 disposed:false
493 silly fetch manifest freeport-async@^2.0.0
494 silly packumentCache full:https://registry.npmjs.org/freeport-async cache-miss
495 http fetch GET 200 https://registry.npmjs.org/pretty-bytes 146ms (cache revalidated)
496 silly packumentCache full:https://registry.npmjs.org/pretty-bytes set size:64558 disposed:false
497 silly fetch manifest @expo/json-file@^10.0.7
498 silly packumentCache full:https://registry.npmjs.org/@expo%2fjson-file cache-miss
499 http fetch GET 200 https://registry.npmjs.org/@expo%2fplist 158ms (cache updated)
500 silly packumentCache full:https://registry.npmjs.org/@expo%2fplist set size:undefined disposed:false
501 silly fetch manifest @expo/osascript@^2.3.7
502 silly packumentCache full:https://registry.npmjs.org/@expo%2fosascript cache-miss
503 http fetch GET 200 https://registry.npmjs.org/resolve-from 62ms (cache revalidated)
504 silly packumentCache full:https://registry.npmjs.org/resolve-from set size:12911 disposed:false
505 silly fetch manifest @expo/ws-tunnel@^1.0.1
506 silly packumentCache full:https://registry.npmjs.org/@expo%2fws-tunnel cache-miss
507 http fetch GET 200 https://registry.npmjs.org/bplist-parser 64ms (cache revalidated)
508 silly packumentCache full:https://registry.npmjs.org/bplist-parser set size:21877 disposed:false
509 silly fetch manifest npm-package-arg@^11.0.0
510 silly packumentCache full:https://registry.npmjs.org/npm-package-arg cache-miss
511 http fetch GET 200 https://registry.npmjs.org/expo-server 176ms (cache updated)
512 silly packumentCache full:https://registry.npmjs.org/expo-server set size:undefined disposed:false
513 silly fetch manifest qrcode-terminal@0.11.0
514 silly packumentCache full:https://registry.npmjs.org/qrcode-terminal cache-miss
515 http fetch GET 200 https://registry.npmjs.org/bplist-creator 50ms (cache revalidated)
516 silly packumentCache full:https://registry.npmjs.org/bplist-creator set size:18748 disposed:false
517 silly fetch manifest resolve.exports@^2.0.3
518 silly packumentCache full:https://registry.npmjs.org/resolve.exports cache-miss
519 http fetch GET 200 https://registry.npmjs.org/@expo%2fxcpretty 62ms (cache revalidated)
520 silly packumentCache full:https://registry.npmjs.org/@expo%2fxcpretty set size:112014 disposed:false
521 silly fetch manifest @expo/mcp-tunnel@~0.0.7
522 silly packumentCache full:https://registry.npmjs.org/@expo%2fmcp-tunnel cache-miss
523 http fetch GET 200 https://registry.npmjs.org/freeport-async 505ms (cache revalidated)
524 silly packumentCache full:https://registry.npmjs.org/freeport-async set size:10155 disposed:false
525 silly fetch manifest @expo/image-utils@^0.8.7
526 silly packumentCache full:https://registry.npmjs.org/@expo%2fimage-utils cache-miss
527 http fetch GET 200 https://registry.npmjs.org/qrcode-terminal 464ms (cache revalidated)
528 silly packumentCache full:https://registry.npmjs.org/qrcode-terminal set size:29799 disposed:false
529 silly fetch manifest @expo/spawn-async@^1.7.2
530 silly packumentCache full:https://registry.npmjs.org/@expo%2fspawn-async cache-miss
531 http fetch GET 200 https://registry.npmjs.org/lan-network 641ms (cache revalidated)
532 silly packumentCache full:https://registry.npmjs.org/lan-network set size:50697 disposed:false
533 silly fetch manifest @expo/metro-config@~54.0.6
534 silly packumentCache full:https://registry.npmjs.org/@expo%2fmetro-config cache-miss
535 http fetch GET 200 https://registry.npmjs.org/terminal-link 536ms (cache revalidated)
536 silly packumentCache full:https://registry.npmjs.org/terminal-link set size:26728 disposed:false
537 silly fetch manifest @expo/schema-utils@^0.1.7
538 silly packumentCache full:https://registry.npmjs.org/@expo%2fschema-utils cache-miss
539 http fetch GET 200 https://registry.npmjs.org/resolve.exports 465ms (cache revalidated)
540 silly packumentCache full:https://registry.npmjs.org/resolve.exports set size:49558 disposed:false
541 silly fetch manifest source-map-support@~0.5.21
542 silly packumentCache full:https://registry.npmjs.org/source-map-support cache-miss
543 http fetch GET 200 https://registry.npmjs.org/@expo%2fdevcert 543ms (cache revalidated)
544 silly packumentCache full:https://registry.npmjs.org/@expo%2fdevcert set size:35454 disposed:false
545 silly fetch manifest structured-headers@^0.4.1
546 silly packumentCache full:https://registry.npmjs.org/structured-headers cache-miss
547 http fetch GET 200 https://registry.npmjs.org/@expo%2fmcp-tunnel 465ms (cache revalidated)
548 silly packumentCache full:https://registry.npmjs.org/@expo%2fmcp-tunnel set size:24258 disposed:false
549 silly fetch manifest @0no-co/graphql.web@^1.0.8
550 silly packumentCache full:https://registry.npmjs.org/@0no-co%2fgraphql.web cache-miss
551 http fetch GET 200 https://registry.npmjs.org/@expo%2fws-tunnel 482ms (cache revalidated)
552 silly packumentCache full:https://registry.npmjs.org/@expo%2fws-tunnel set size:22182 disposed:false
553 silly fetch manifest require-from-string@^2.0.2
554 silly packumentCache full:https://registry.npmjs.org/require-from-string cache-miss
555 http fetch GET 200 https://registry.npmjs.org/npm-package-arg 482ms (cache updated)
556 silly packumentCache full:https://registry.npmjs.org/npm-package-arg set size:undefined disposed:false
557 silly fetch manifest @urql/exchange-retry@^1.3.0
558 silly packumentCache full:https://registry.npmjs.org/@urql%2fexchange-retry cache-miss
559 http fetch GET 200 https://registry.npmjs.org/@expo%2fmetro-config 19ms (cache hit)
560 silly packumentCache full:https://registry.npmjs.org/@expo%2fmetro-config set size:1198230 disposed:false
561 silly fetch manifest @expo/package-manager@^1.9.8
562 silly packumentCache full:https://registry.npmjs.org/@expo%2fpackage-manager cache-miss
563 http fetch GET 200 https://registry.npmjs.org/@expo%2fosascript 515ms (cache updated)
564 silly packumentCache full:https://registry.npmjs.org/@expo%2fosascript set size:undefined disposed:false
565 silly fetch manifest @expo/prebuild-config@^54.0.5
566 silly packumentCache full:https://registry.npmjs.org/@expo%2fprebuild-config cache-miss
567 http fetch GET 200 https://registry.npmjs.org/@expo%2fjson-file 524ms (cache updated)
568 silly packumentCache full:https://registry.npmjs.org/@expo%2fjson-file set size:undefined disposed:false
569 silly fetch manifest @react-native/dev-middleware@0.81.4
570 silly packumentCache full:https://registry.npmjs.org/@react-native%2fdev-middleware cache-miss
571 http fetch GET 200 https://registry.npmjs.org/source-map-support 56ms (cache revalidated)
572 silly packumentCache full:https://registry.npmjs.org/source-map-support set size:125488 disposed:false
573 silly fetch manifest @expo/code-signing-certificates@^0.0.5
574 silly packumentCache full:https://registry.npmjs.org/@expo%2fcode-signing-certificates cache-miss
575 http fetch GET 200 https://registry.npmjs.org/@expo%2fschema-utils 75ms (cache updated)
576 silly packumentCache full:https://registry.npmjs.org/@expo%2fschema-utils set size:undefined disposed:false
577 silly fetch manifest sucrase@3.35.0
578 silly packumentCache full:https://registry.npmjs.org/sucrase cache-miss
579 http fetch GET 200 https://registry.npmjs.org/require-from-string 79ms (cache revalidated)
580 silly packumentCache full:https://registry.npmjs.org/require-from-string set size:15128 disposed:false
581 silly fetch manifest deepmerge@^4.3.1
582 silly packumentCache full:https://registry.npmjs.org/deepmerge cache-miss
583 http fetch GET 200 https://registry.npmjs.org/@expo%2fimage-utils 90ms (cache updated)
584 silly packumentCache full:https://registry.npmjs.org/@expo%2fimage-utils set size:undefined disposed:false
585 silly fetch manifest @babel/code-frame@~7.10.4
586 silly packumentCache full:https://registry.npmjs.org/@babel%2fcode-frame cache-miss
587 http fetch GET 200 https://registry.npmjs.org/@expo%2fspawn-async 107ms (cache revalidated)
588 silly packumentCache full:https://registry.npmjs.org/@expo%2fspawn-async set size:40276 disposed:false
589 silly fetch manifest @expo/config-types@^54.0.8
590 silly packumentCache full:https://registry.npmjs.org/@expo%2fconfig-types cache-miss
591 http fetch GET 200 https://registry.npmjs.org/sucrase 56ms (cache revalidated)
592 silly packumentCache full:https://registry.npmjs.org/sucrase set size:444175 disposed:false
593 silly fetch manifest resolve-workspace-root@^2.0.0
594 silly packumentCache full:https://registry.npmjs.org/resolve-workspace-root cache-miss
595 http fetch GET 200 https://registry.npmjs.org/@expo%2fpackage-manager 114ms (cache updated)
596 silly packumentCache full:https://registry.npmjs.org/@expo%2fpackage-manager set size:undefined disposed:false
597 silly fetch manifest chalk@^4.1.2
598 silly packumentCache full:https://registry.npmjs.org/chalk cache-hit
599 silly fetch manifest debug@^4.3.5
600 silly packumentCache full:https://registry.npmjs.org/debug cache-hit
601 silly fetch manifest slash@^3.0.0
602 silly packumentCache full:https://registry.npmjs.org/slash cache-miss
603 http fetch GET 200 https://registry.npmjs.org/deepmerge 62ms (cache revalidated)
604 silly packumentCache full:https://registry.npmjs.org/deepmerge set size:101897 disposed:false
605 silly fetch manifest xcode@^3.0.1
606 silly packumentCache full:https://registry.npmjs.org/xcode cache-miss
607 http fetch GET 200 https://registry.npmjs.org/@babel%2fcode-frame 60ms (cache revalidated)
608 silly packumentCache full:https://registry.npmjs.org/@babel%2fcode-frame set size:182331 disposed:false
609 silly fetch manifest semver@^7.5.4
610 silly packumentCache full:https://registry.npmjs.org/semver cache-hit
611 silly fetch manifest xml2js@0.6.0
612 silly packumentCache full:https://registry.npmjs.org/xml2js cache-miss
613 http fetch GET 200 https://registry.npmjs.org/@urql%2fexchange-retry 141ms (cache revalidated)
614 silly packumentCache full:https://registry.npmjs.org/@urql%2fexchange-retry set size:293356 disposed:false
615 silly fetch manifest slugify@^1.6.6
616 silly packumentCache full:https://registry.npmjs.org/slugify cache-hit
617 silly fetch manifest @expo/json-file@~10.0.7
618 silly packumentCache full:https://registry.npmjs.org/@expo%2fjson-file cache-miss
619 http fetch GET 200 https://registry.npmjs.org/@react-native%2fdev-middleware 118ms (cache updated)
620 silly packumentCache full:https://registry.npmjs.org/@react-native%2fdev-middleware set size:undefined disposed:false
621 silly fetch manifest @expo/config-types@^54.0.8
622 silly packumentCache full:https://registry.npmjs.org/@expo%2fconfig-types cache-miss
623 http fetch GET 200 https://registry.npmjs.org/@0no-co%2fgraphql.web 160ms (cache revalidated)
624 silly packumentCache full:https://registry.npmjs.org/@0no-co%2fgraphql.web set size:220436 disposed:false
625 silly fetch manifest @expo/sdk-runtime-versions@^1.0.0
626 silly packumentCache full:https://registry.npmjs.org/@expo%2fsdk-runtime-versions cache-miss
627 http fetch GET 200 https://registry.npmjs.org/@expo%2fjson-file 14ms (cache hit)
628 silly packumentCache full:https://registry.npmjs.org/@expo%2fjson-file set size:583096 disposed:false
629 silly fetch manifest ignore@^5.3.1
630 silly packumentCache full:https://registry.npmjs.org/ignore cache-miss
631 http fetch GET 200 https://registry.npmjs.org/structured-headers 168ms (cache revalidated)
632 silly packumentCache full:https://registry.npmjs.org/structured-headers set size:38215 disposed:false
633 silly fetch manifest p-limit@^3.1.0
634 silly packumentCache full:https://registry.npmjs.org/p-limit cache-miss
635 http fetch GET 200 https://registry.npmjs.org/@expo%2fconfig-types 69ms (cache updated)
636 silly packumentCache full:https://registry.npmjs.org/@expo%2fconfig-types set size:undefined disposed:false
637 silly fetch manifest metro@0.83.1
638 silly packumentCache full:https://registry.npmjs.org/metro cache-miss
639 http fetch GET 200 https://registry.npmjs.org/@expo%2fprebuild-config 148ms (cache updated)
640 silly packumentCache full:https://registry.npmjs.org/@expo%2fprebuild-config set size:undefined disposed:false
641 silly fetch manifest metro-core@0.83.1
642 silly packumentCache full:https://registry.npmjs.org/metro-core cache-miss
643 http fetch GET 200 https://registry.npmjs.org/resolve-workspace-root 56ms (cache revalidated)
644 silly packumentCache full:https://registry.npmjs.org/resolve-workspace-root set size:9454 disposed:false
645 silly fetch manifest metro-cache@0.83.1
646 silly packumentCache full:https://registry.npmjs.org/metro-cache cache-miss
647 http fetch GET 200 https://registry.npmjs.org/slash 52ms (cache revalidated)
648 silly packumentCache full:https://registry.npmjs.org/slash set size:20337 disposed:false
649 silly fetch manifest metro-config@0.83.1
650 silly packumentCache full:https://registry.npmjs.org/metro-config cache-miss
651 http fetch GET 200 https://registry.npmjs.org/@expo%2fcode-signing-certificates 154ms (cache revalidated)
652 silly packumentCache full:https://registry.npmjs.org/@expo%2fcode-signing-certificates set size:25864 disposed:false
653 silly fetch manifest metro-runtime@0.83.1
654 silly packumentCache full:https://registry.npmjs.org/metro-runtime cache-hit
655 silly fetch manifest metro-file-map@0.83.1
656 silly packumentCache full:https://registry.npmjs.org/metro-file-map cache-miss
657 http fetch GET 200 https://registry.npmjs.org/xml2js 63ms (cache revalidated)
658 silly packumentCache full:https://registry.npmjs.org/xml2js set size:198018 disposed:false
659 silly fetch manifest metro-resolver@0.83.1
660 silly packumentCache full:https://registry.npmjs.org/metro-resolver cache-miss
661 http fetch GET 200 https://registry.npmjs.org/ignore 47ms (cache revalidated)
662 silly packumentCache full:https://registry.npmjs.org/ignore set size:237380 disposed:false
663 silly fetch manifest metro-cache-key@0.83.1
664 silly packumentCache full:https://registry.npmjs.org/metro-cache-key cache-miss
665 http fetch GET 200 https://registry.npmjs.org/p-limit 149ms (cache revalidated)
666 silly packumentCache full:https://registry.npmjs.org/p-limit set size:56611 disposed:false
667 silly fetch manifest metro-source-map@0.83.1
668 silly packumentCache full:https://registry.npmjs.org/metro-source-map cache-hit
669 silly fetch manifest metro-transform-worker@0.83.1
670 silly packumentCache full:https://registry.npmjs.org/metro-transform-worker cache-miss
671 http fetch GET 200 https://registry.npmjs.org/@expo%2fsdk-runtime-versions 157ms (cache revalidated)
672 silly packumentCache full:https://registry.npmjs.org/@expo%2fsdk-runtime-versions set size:4790 disposed:false
673 silly fetch manifest metro-babel-transformer@0.83.1
674 silly packumentCache full:https://registry.npmjs.org/metro-babel-transformer cache-miss
675 http fetch GET 200 https://registry.npmjs.org/metro 147ms (cache revalidated)
676 silly packumentCache full:https://registry.npmjs.org/metro set size:694198 disposed:false
677 silly fetch manifest metro-transform-plugins@0.83.1
678 silly packumentCache full:https://registry.npmjs.org/metro-transform-plugins cache-miss
679 http fetch GET 200 https://registry.npmjs.org/metro-core 149ms (cache revalidated)
680 silly packumentCache full:https://registry.npmjs.org/metro-core set size:371589 disposed:false
681 silly fetch manifest chalk@^4.1.0
682 silly packumentCache full:https://registry.npmjs.org/chalk cache-hit
683 silly fetch manifest debug@^4.3.2
684 silly packumentCache full:https://registry.npmjs.org/debug cache-hit
685 silly fetch manifest dotenv@~16.4.5
686 silly packumentCache full:https://registry.npmjs.org/dotenv cache-miss
687 http fetch GET 200 https://registry.npmjs.org/metro-config 138ms (cache revalidated)
688 silly packumentCache full:https://registry.npmjs.org/metro-config set size:310705 disposed:false
689 silly fetch manifest postcss@~8.4.32
690 silly packumentCache full:https://registry.npmjs.org/postcss cache-miss
691 http fetch GET 200 https://registry.npmjs.org/metro-cache 145ms (cache revalidated)
692 silly packumentCache full:https://registry.npmjs.org/metro-cache set size:351499 disposed:false
693 silly fetch manifest @babel/core@^7.20.0
694 silly packumentCache full:https://registry.npmjs.org/@babel%2fcore cache-hit
695 silly fetch manifest browserslist@^4.25.0
696 silly packumentCache full:https://registry.npmjs.org/browserslist cache-miss
697 http fetch GET 200 https://registry.npmjs.org/@expo%2fconfig-types 189ms (cache updated)
698 silly packumentCache full:https://registry.npmjs.org/@expo%2fconfig-types set size:undefined disposed:false
699 silly fetch manifest jsc-safe-url@^0.2.4
700 silly packumentCache full:https://registry.npmjs.org/jsc-safe-url cache-miss
701 http fetch GET 200 https://registry.npmjs.org/metro-resolver 136ms (cache revalidated)
702 silly packumentCache full:https://registry.npmjs.org/metro-resolver set size:340244 disposed:false
703 silly fetch manifest lightningcss@^1.30.1
704 silly packumentCache full:https://registry.npmjs.org/lightningcss cache-miss
705 http fetch GET 200 https://registry.npmjs.org/metro-file-map 141ms (cache revalidated)
706 silly packumentCache full:https://registry.npmjs.org/metro-file-map set size:168210 disposed:false
707 silly fetch manifest dotenv-expand@~11.0.6
708 silly packumentCache full:https://registry.npmjs.org/dotenv-expand cache-miss
709 http fetch GET 200 https://registry.npmjs.org/metro-cache-key 139ms (cache revalidated)
710 silly packumentCache full:https://registry.npmjs.org/metro-cache-key set size:181806 disposed:false
711 silly fetch manifest hermes-parser@^0.29.1
712 silly packumentCache full:https://registry.npmjs.org/hermes-parser cache-miss
713 http fetch GET 200 https://registry.npmjs.org/xcode 222ms (cache updated)
714 silly packumentCache full:https://registry.npmjs.org/xcode set size:undefined disposed:false
715 silly fetch manifest @babel/generator@^7.20.5
716 silly packumentCache full:https://registry.npmjs.org/@babel%2fgenerator cache-miss
717 http fetch GET 200 https://registry.npmjs.org/metro-transform-worker 69ms (cache revalidated)
718 silly packumentCache full:https://registry.npmjs.org/metro-transform-worker set size:232767 disposed:false
719 silly fetch manifest @babel/code-frame@^7.20.0
720 silly packumentCache full:https://registry.npmjs.org/@babel%2fcode-frame cache-hit
721 silly fetch manifest fontfaceobserver@^2.1.0
722 silly packumentCache full:https://registry.npmjs.org/fontfaceobserver cache-miss
723 http fetch GET 200 https://registry.npmjs.org/postcss 59ms (cache revalidated)
724 silly packumentCache full:https://registry.npmjs.org/postcss set size:696248 disposed:false
725 silly fetch manifest @babel/preset-react@^7.22.15
726 silly packumentCache full:https://registry.npmjs.org/@babel%2fpreset-react cache-miss
727 http fetch GET 200 https://registry.npmjs.org/dotenv 66ms (cache revalidated)
728 silly packumentCache full:https://registry.npmjs.org/dotenv set size:261324 disposed:false
729 silly fetch manifest @babel/preset-typescript@^7.23.0
730 silly packumentCache full:https://registry.npmjs.org/@babel%2fpreset-typescript cache-miss
731 http fetch GET 200 https://registry.npmjs.org/metro-transform-plugins 72ms (cache revalidated)
732 silly packumentCache full:https://registry.npmjs.org/metro-transform-plugins set size:223909 disposed:false
733 silly fetch manifest @react-native/babel-preset@0.81.4
734 silly packumentCache full:https://registry.npmjs.org/@react-native%2fbabel-preset cache-miss
735 http fetch GET 200 https://registry.npmjs.org/dotenv-expand 483ms (cache revalidated)
736 silly packumentCache full:https://registry.npmjs.org/dotenv-expand set size:67935 disposed:false
737 silly fetch manifest babel-plugin-react-compiler@^1.0.0
738 silly packumentCache full:https://registry.npmjs.org/babel-plugin-react-compiler cache-miss
739 http fetch GET 200 https://registry.npmjs.org/lightningcss 491ms (cache revalidated)
740 silly packumentCache full:https://registry.npmjs.org/lightningcss set size:173815 disposed:false
741 silly fetch manifest @babel/helper-module-imports@^7.25.9
742 silly packumentCache full:https://registry.npmjs.org/@babel%2fhelper-module-imports cache-miss
743 http fetch GET 200 https://registry.npmjs.org/metro-babel-transformer 524ms (cache revalidated)
744 silly packumentCache full:https://registry.npmjs.org/metro-babel-transformer set size:237654 disposed:false
745 silly fetch manifest babel-plugin-react-native-web@~0.21.0
746 silly packumentCache full:https://registry.npmjs.org/babel-plugin-react-native-web cache-miss
747 http fetch GET 200 https://registry.npmjs.org/jsc-safe-url 499ms (cache revalidated)
748 silly packumentCache full:https://registry.npmjs.org/jsc-safe-url set size:13143 disposed:false
749 silly fetch manifest @babel/plugin-transform-runtime@^7.24.7
750 silly packumentCache full:https://registry.npmjs.org/@babel%2fplugin-transform-runtime cache-miss
751 http fetch GET 200 https://registry.npmjs.org/browserslist 512ms (cache revalidated)
752 silly packumentCache full:https://registry.npmjs.org/browserslist set size:496908 disposed:false
753 silly fetch manifest @babel/plugin-proposal-decorators@^7.12.9
754 silly packumentCache full:https://registry.npmjs.org/@babel%2fplugin-proposal-decorators cache-miss
755 http fetch GET 200 https://registry.npmjs.org/hermes-parser 497ms (cache revalidated)
756 silly packumentCache full:https://registry.npmjs.org/hermes-parser set size:150133 disposed:false
757 silly fetch manifest babel-plugin-syntax-hermes-parser@^0.29.1
758 silly packumentCache full:https://registry.npmjs.org/babel-plugin-syntax-hermes-parser cache-hit
759 silly fetch manifest babel-plugin-transform-flow-enums@^0.0.2
760 silly packumentCache full:https://registry.npmjs.org/babel-plugin-transform-flow-enums cache-miss
761 http fetch GET 200 https://registry.npmjs.org/babel-plugin-transform-flow-enums 177ms (cache revalidated)
762 silly packumentCache full:https://registry.npmjs.org/babel-plugin-transform-flow-enums set size:8046 disposed:false
763 silly fetch manifest @babel/plugin-transform-parameters@^7.24.7
764 silly packumentCache full:https://registry.npmjs.org/@babel%2fplugin-transform-parameters cache-miss
765 http fetch GET 200 https://registry.npmjs.org/@babel%2fpreset-react 636ms (cache revalidated)
766 silly packumentCache full:https://registry.npmjs.org/@babel%2fpreset-react set size:236620 disposed:false
767 silly fetch manifest @babel/plugin-transform-private-methods@^7.24.7
768 silly packumentCache full:https://registry.npmjs.org/@babel%2fplugin-transform-private-methods cache-miss
769 http fetch GET 200 https://registry.npmjs.org/@babel%2fplugin-proposal-decorators 190ms (cache revalidated)
770 silly packumentCache full:https://registry.npmjs.org/@babel%2fplugin-proposal-decorators set size:354811 disposed:false
771 silly fetch manifest @babel/plugin-syntax-export-default-from@^7.24.7
772 silly packumentCache full:https://registry.npmjs.org/@babel%2fplugin-syntax-export-default-from cache-miss
773 http fetch GET 200 https://registry.npmjs.org/babel-plugin-react-native-web 199ms (cache revalidated)
774 silly packumentCache full:https://registry.npmjs.org/babel-plugin-react-native-web set size:324112 disposed:false
775 silly fetch manifest @babel/plugin-transform-flow-strip-types@^7.25.2
776 silly packumentCache full:https://registry.npmjs.org/@babel%2fplugin-transform-flow-strip-types cache-miss
777 http fetch GET 200 https://registry.npmjs.org/@babel%2fgenerator 662ms (cache revalidated)
778 silly packumentCache full:https://registry.npmjs.org/@babel%2fgenerator set size:488039 disposed:false
779 silly fetch manifest @babel/plugin-transform-modules-commonjs@^7.24.8
780 silly packumentCache full:https://registry.npmjs.org/@babel%2fplugin-transform-modules-commonjs cache-miss
781 http fetch GET 200 https://registry.npmjs.org/@babel%2fhelper-module-imports 206ms (cache revalidated)
782 silly packumentCache full:https://registry.npmjs.org/@babel%2fhelper-module-imports set size:182023 disposed:false
783 silly fetch manifest @babel/plugin-proposal-export-default-from@^7.24.7
784 silly packumentCache full:https://registry.npmjs.org/@babel%2fplugin-proposal-export-default-from cache-miss
785 http fetch GET 200 https://registry.npmjs.org/@babel%2fplugin-transform-runtime 206ms (cache revalidated)
786 silly packumentCache full:https://registry.npmjs.org/@babel%2fplugin-transform-runtime set size:434162 disposed:false
787 silly fetch manifest @babel/plugin-transform-class-static-block@^7.27.1
788 silly packumentCache full:https://registry.npmjs.org/@babel%2fplugin-transform-class-static-block cache-miss
789 http fetch GET 200 https://registry.npmjs.org/fontfaceobserver 665ms (cache revalidated)
790 silly packumentCache full:https://registry.npmjs.org/fontfaceobserver set size:113480 disposed:false
791 silly fetch manifest @babel/plugin-transform-object-rest-spread@^7.24.7
792 silly packumentCache full:https://registry.npmjs.org/@babel%2fplugin-transform-object-rest-spread cache-miss
793 http fetch GET 200 https://registry.npmjs.org/@babel%2fpreset-typescript 659ms (cache revalidated)
794 silly packumentCache full:https://registry.npmjs.org/@babel%2fpreset-typescript set size:243766 disposed:false
795 silly fetch manifest @babel/plugin-transform-export-namespace-from@^7.25.9
796 silly packumentCache full:https://registry.npmjs.org/@babel%2fplugin-transform-export-namespace-from cache-miss
797 http fetch GET 200 https://registry.npmjs.org/babel-plugin-react-compiler 246ms (cache updated)
798 silly packumentCache full:https://registry.npmjs.org/babel-plugin-react-compiler set size:undefined disposed:false
799 silly fetch manifest @babel/plugin-transform-private-property-in-object@^7.24.7
800 silly packumentCache full:https://registry.npmjs.org/@babel%2fplugin-transform-private-property-in-object cache-miss
801 http fetch GET 200 https://registry.npmjs.org/@react-native%2fbabel-preset 693ms (cache updated)
802 silly packumentCache full:https://registry.npmjs.org/@react-native%2fbabel-preset set size:undefined disposed:false
803 silly fetch manifest commander@^7.2.0
804 silly packumentCache full:https://registry.npmjs.org/commander cache-hit
805 silly fetch manifest react-is@^18.0.0
806 silly packumentCache full:https://registry.npmjs.org/react-is cache-miss
807 http fetch GET 200 https://registry.npmjs.org/@babel%2fplugin-transform-class-static-block 62ms (cache revalidated)
808 silly packumentCache full:https://registry.npmjs.org/@babel%2fplugin-transform-class-static-block set size:81200 disposed:false
809 silly fetch manifest ansi-styles@^5.0.0
810 silly packumentCache full:https://registry.npmjs.org/ansi-styles cache-miss
811 http fetch GET 200 https://registry.npmjs.org/@babel%2fplugin-transform-parameters 86ms (cache revalidated)
812 silly packumentCache full:https://registry.npmjs.org/@babel%2fplugin-transform-parameters set size:258977 disposed:false
813 silly fetch manifest @jest/schemas@^29.6.3
814 silly packumentCache full:https://registry.npmjs.org/@jest%2fschemas cache-miss
815 http fetch GET 200 https://registry.npmjs.org/@babel%2fplugin-transform-flow-strip-types 75ms (cache revalidated)
816 silly packumentCache full:https://registry.npmjs.org/@babel%2fplugin-transform-flow-strip-types set size:230564 disposed:false
817 silly fetch manifest buffer@^5.4.3
818 silly packumentCache full:https://registry.npmjs.org/buffer cache-miss
819 http fetch GET 200 https://registry.npmjs.org/@babel%2fplugin-transform-private-methods 88ms (cache revalidated)
820 silly packumentCache full:https://registry.npmjs.org/@babel%2fplugin-transform-private-methods set size:65495 disposed:false
821 silly fetch manifest punycode@^2.1.1
822 silly packumentCache full:https://registry.npmjs.org/punycode cache-miss
823 http fetch GET 200 https://registry.npmjs.org/@babel%2fplugin-transform-export-namespace-from 66ms (cache revalidated)
824 silly packumentCache full:https://registry.npmjs.org/@babel%2fplugin-transform-export-namespace-from set size:69002 disposed:false
825 silly fetch manifest webidl-conversions@^5.0.0
826 silly packumentCache full:https://registry.npmjs.org/webidl-conversions cache-miss
827 http fetch GET 200 https://registry.npmjs.org/@babel%2fplugin-proposal-export-default-from 79ms (cache revalidated)
828 silly packumentCache full:https://registry.npmjs.org/@babel%2fplugin-proposal-export-default-from set size:193785 disposed:false
829 http fetch GET 200 https://registry.npmjs.org/@babel%2fplugin-syntax-export-default-from 88ms (cache revalidated)
830 silly packumentCache full:https://registry.npmjs.org/@babel%2fplugin-syntax-export-default-from set size:170214 disposed:false
831 http fetch GET 200 https://registry.npmjs.org/@babel%2fplugin-transform-object-rest-spread 75ms (cache revalidated)
832 silly packumentCache full:https://registry.npmjs.org/@babel%2fplugin-transform-object-rest-spread set size:90160 disposed:false
833 http fetch GET 200 https://registry.npmjs.org/@babel%2fplugin-transform-modules-commonjs 83ms (cache revalidated)
834 silly packumentCache full:https://registry.npmjs.org/@babel%2fplugin-transform-modules-commonjs set size:286584 disposed:false
835 http fetch GET 200 https://registry.npmjs.org/@babel%2fplugin-transform-private-property-in-object 48ms (cache revalidated)
836 silly packumentCache full:https://registry.npmjs.org/@babel%2fplugin-transform-private-property-in-object set size:77133 disposed:false
837 http fetch GET 200 https://registry.npmjs.org/ansi-styles 49ms (cache revalidated)
838 silly packumentCache full:https://registry.npmjs.org/ansi-styles set size:63233 disposed:false
839 http fetch GET 200 https://registry.npmjs.org/webidl-conversions 48ms (cache revalidated)
840 silly packumentCache full:https://registry.npmjs.org/webidl-conversions set size:43893 disposed:false
841 http fetch GET 200 https://registry.npmjs.org/buffer 54ms (cache revalidated)
842 silly packumentCache full:https://registry.npmjs.org/buffer set size:280480 disposed:false
843 http fetch GET 200 https://registry.npmjs.org/punycode 56ms (cache revalidated)
844 silly packumentCache full:https://registry.npmjs.org/punycode set size:61302 disposed:false
845 http fetch GET 200 https://registry.npmjs.org/@jest%2fschemas 94ms (cache revalidated)
846 silly packumentCache full:https://registry.npmjs.org/@jest%2fschemas set size:68580 disposed:false
847 http fetch GET 200 https://registry.npmjs.org/react-is 129ms (cache updated)
848 silly packumentCache full:https://registry.npmjs.org/react-is set size:undefined disposed:false
849 silly fetch manifest bufferutil@^4.0.1
850 silly packumentCache full:https://registry.npmjs.org/bufferutil cache-miss
851 http fetch GET 200 https://registry.npmjs.org/bufferutil 486ms (cache revalidated)
852 silly packumentCache full:https://registry.npmjs.org/bufferutil set size:51033 disposed:false
853 silly fetch manifest utf-8-validate@>=5.0.2
854 silly packumentCache full:https://registry.npmjs.org/utf-8-validate cache-miss
855 http fetch GET 200 https://registry.npmjs.org/utf-8-validate 135ms (cache revalidated)
856 silly packumentCache full:https://registry.npmjs.org/utf-8-validate set size:75205 disposed:false
857 silly fetch manifest @modelcontextprotocol/sdk@^1.13.2
858 silly packumentCache full:https://registry.npmjs.org/@modelcontextprotocol%2fsdk cache-miss
859 http fetch GET 200 https://registry.npmjs.org/@modelcontextprotocol%2fsdk 68ms (cache updated)
860 silly packumentCache full:https://registry.npmjs.org/@modelcontextprotocol%2fsdk set size:undefined disposed:false
861 silly fetch manifest graphql@^14.0.0 || ^15.0.0 || ^16.0.0
862 silly packumentCache full:https://registry.npmjs.org/graphql cache-miss
863 http fetch GET 200 https://registry.npmjs.org/graphql 481ms (cache revalidated)
864 silly packumentCache full:https://registry.npmjs.org/graphql set size:790307 disposed:false
865 silly placeDep ROOT @0no-co/graphql.web@1.2.0 OK for: @expo/cli@54.0.11 want: ^1.0.8
866 silly placeDep ROOT @expo/code-signing-certificates@0.0.5 OK for: @expo/cli@54.0.11 want: ^0.0.5
867 silly placeDep ROOT @expo/devcert@1.2.0 OK for: @expo/cli@54.0.11 want: ^1.1.2
868 silly placeDep ROOT @expo/env@2.0.7 OK for: @expo/cli@54.0.11 want: ~2.0.7
869 silly placeDep ROOT @expo/image-utils@0.8.7 OK for: @expo/cli@54.0.11 want: ^0.8.7
870 silly placeDep ROOT @expo/json-file@10.0.7 OK for: @expo/cli@54.0.11 want: ^10.0.7
871 silly placeDep ROOT @expo/mcp-tunnel@0.0.8 OK for: @expo/cli@54.0.11 want: ~0.0.7
872 silly placeDep ROOT @expo/osascript@2.3.7 OK for: @expo/cli@54.0.11 want: ^2.3.7
873 silly placeDep ROOT @expo/package-manager@1.9.8 OK for: @expo/cli@54.0.11 want: ^1.9.8
874 silly placeDep ROOT @expo/plist@0.4.7 OK for: @expo/cli@54.0.11 want: ^0.4.7
875 silly placeDep ROOT @expo/prebuild-config@54.0.5 OK for: @expo/cli@54.0.11 want: ^54.0.5
876 silly placeDep ROOT @expo/schema-utils@0.1.7 OK for: @expo/cli@54.0.11 want: ^0.1.7
877 silly placeDep ROOT @expo/spawn-async@1.7.2 OK for: @expo/cli@54.0.11 want: ^1.7.2
878 silly placeDep ROOT @expo/ws-tunnel@1.0.6 OK for: @expo/cli@54.0.11 want: ^1.0.1
879 silly placeDep ROOT @expo/xcpretty@4.3.2 OK for: @expo/cli@54.0.11 want: ^4.3.0
880 silly placeDep ROOT @react-native/dev-middleware@0.81.4 OK for: @expo/cli@54.0.11 want: 0.81.4
881 silly placeDep ROOT @urql/core@5.2.0 OK for: @expo/cli@54.0.11 want: ^5.0.6
882 silly placeDep ROOT @urql/exchange-retry@1.3.2 OK for: @expo/cli@54.0.11 want: ^1.3.0
883 silly placeDep ROOT accepts@1.3.8 OK for: @expo/cli@54.0.11 want: ^1.3.8
884 silly placeDep ROOT arg@5.0.2 OK for: @expo/cli@54.0.11 want: ^5.0.2
885 silly placeDep ROOT better-opn@3.0.2 OK for: @expo/cli@54.0.11 want: ~3.0.2
886 silly placeDep ROOT bplist-creator@0.1.0 OK for: @expo/cli@54.0.11 want: 0.1.0
887 silly placeDep ROOT bplist-parser@0.3.2 OK for: @expo/cli@54.0.11 want: ^0.3.1
888 silly placeDep ROOT chalk@4.1.2 OK for: @expo/cli@54.0.11 want: ^4.0.0
889 silly placeDep ROOT ci-info@3.9.0 OK for: @expo/cli@54.0.11 want: ^3.3.0
890 silly placeDep ROOT compression@1.8.1 OK for: @expo/cli@54.0.11 want: ^1.7.4
891 silly placeDep ROOT connect@3.7.0 OK for: @expo/cli@54.0.11 want: ^3.7.0
892 silly placeDep ROOT debug@4.4.3 OK for: @expo/cli@54.0.11 want: ^4.3.4
893 silly placeDep ROOT env-editor@0.4.2 OK for: @expo/cli@54.0.11 want: ^0.4.1
894 silly placeDep ROOT expo-server@1.0.1 OK for: @expo/cli@54.0.11 want: ^1.0.1
895 silly placeDep ROOT freeport-async@2.0.0 OK for: @expo/cli@54.0.11 want: ^2.0.0
896 silly placeDep ROOT getenv@2.0.0 OK for: @expo/cli@54.0.11 want: ^2.0.0
897 silly placeDep ROOT glob@10.4.5 OK for: @expo/cli@54.0.11 want: ^10.4.2
898 silly placeDep ROOT lan-network@0.1.7 OK for: @expo/cli@54.0.11 want: ^0.1.6
899 silly placeDep ROOT minimatch@9.0.5 OK for: @expo/cli@54.0.11 want: ^9.0.0
900 silly placeDep ROOT node-forge@1.3.1 OK for: @expo/cli@54.0.11 want: ^1.3.1
901 silly placeDep ROOT npm-package-arg@11.0.3 OK for: @expo/cli@54.0.11 want: ^11.0.0
902 silly placeDep ROOT ora@3.4.0 OK for: @expo/cli@54.0.11 want: ^3.4.0
903 silly placeDep ROOT picomatch@3.0.1 OK for: @expo/cli@54.0.11 want: ^3.0.1
904 silly placeDep ROOT pretty-bytes@5.6.0 OK for: @expo/cli@54.0.11 want: ^5.6.0
905 silly placeDep ROOT progress@2.0.3 OK for: @expo/cli@54.0.11 want: ^2.0.3
906 silly placeDep ROOT prompts@2.4.2 OK for: @expo/cli@54.0.11 want: ^2.3.2
907 silly placeDep ROOT qrcode-terminal@0.11.0 OK for: @expo/cli@54.0.11 want: 0.11.0
908 silly placeDep ROOT require-from-string@2.0.2 OK for: @expo/cli@54.0.11 want: ^2.0.2
909 silly placeDep ROOT requireg@0.2.2 OK for: @expo/cli@54.0.11 want: ^0.2.2
910 silly placeDep ROOT resolve@1.22.10 OK for: @expo/cli@54.0.11 want: ^1.22.2
911 silly placeDep ROOT resolve-from@5.0.0 OK for: @expo/cli@54.0.11 want: ^5.0.0
912 silly placeDep ROOT resolve.exports@2.0.3 OK for: @expo/cli@54.0.11 want: ^2.0.3
913 silly placeDep ROOT semver@7.7.3 OK for: @expo/cli@54.0.11 want: ^7.6.0
914 silly placeDep ROOT send@0.19.1 OK for: @expo/cli@54.0.11 want: ^0.19.0
915 silly placeDep ROOT slugify@1.6.6 OK for: @expo/cli@54.0.11 want: ^1.3.4
916 silly placeDep ROOT source-map-support@0.5.21 OK for: @expo/cli@54.0.11 want: ~0.5.21
917 silly placeDep ROOT stacktrace-parser@0.1.11 OK for: @expo/cli@54.0.11 want: ^0.1.10
918 silly placeDep ROOT structured-headers@0.4.1 OK for: @expo/cli@54.0.11 want: ^0.4.1
919 silly placeDep ROOT tar@7.5.1 OK for: @expo/cli@54.0.11 want: ^7.4.3
920 silly placeDep ROOT terminal-link@2.1.1 OK for: @expo/cli@54.0.11 want: ^2.1.1
921 silly placeDep ROOT undici@6.22.0 OK for: @expo/cli@54.0.11 want: ^6.18.2
922 silly placeDep ROOT wrap-ansi@7.0.0 OK for: @expo/cli@54.0.11 want: ^7.0.0
923 silly placeDep ROOT ws@8.18.3 OK for: @expo/cli@54.0.11 want: ^8.12.1
924 silly fetch manifest node-forge@^1.2.1
925 silly packumentCache full:https://registry.npmjs.org/node-forge cache-hit
926 silly fetch manifest debug@^3.1.0
927 silly packumentCache full:https://registry.npmjs.org/debug cache-hit
928 silly fetch manifest @expo/sudo-prompt@^9.3.1
929 silly packumentCache full:https://registry.npmjs.org/@expo%2fsudo-prompt cache-miss
930 silly fetch manifest temp-dir@~2.0.0
931 silly packumentCache full:https://registry.npmjs.org/temp-dir cache-miss
932 silly fetch manifest parse-png@^2.1.0
933 silly packumentCache full:https://registry.npmjs.org/parse-png cache-miss
934 silly fetch manifest jimp-compact@0.16.1
935 silly packumentCache full:https://registry.npmjs.org/jimp-compact cache-miss
936 silly fetch manifest unique-string@~2.0.0
937 silly packumentCache full:https://registry.npmjs.org/unique-string cache-miss
938 silly fetch manifest resolve-global@^1.0.0
939 silly packumentCache full:https://registry.npmjs.org/resolve-global cache-miss
940 silly fetch manifest json5@^2.2.3
941 silly packumentCache full:https://registry.npmjs.org/json5 cache-miss
942 silly fetch manifest ws@^8.18.3
943 silly packumentCache full:https://registry.npmjs.org/ws cache-hit
944 silly fetch manifest zod-to-json-schema@^3.24.6
945 silly packumentCache full:https://registry.npmjs.org/zod-to-json-schema cache-miss
946 silly fetch manifest zod@^3.25.76
947 silly packumentCache full:https://registry.npmjs.org/zod cache-miss
948 silly fetch manifest exec-async@^2.2.0
949 silly packumentCache full:https://registry.npmjs.org/exec-async cache-miss
950 silly fetch manifest base64-js@^1.2.3
951 silly packumentCache full:https://registry.npmjs.org/base64-js cache-hit
952 silly fetch manifest xmlbuilder@^15.1.1
953 silly packumentCache full:https://registry.npmjs.org/xmlbuilder cache-miss
954 http fetch GET 200 https://registry.npmjs.org/unique-string 118ms (cache revalidated)
955 silly packumentCache full:https://registry.npmjs.org/unique-string set size:8164 disposed:false
956 silly fetch manifest @xmldom/xmldom@^0.8.8
957 silly packumentCache full:https://registry.npmjs.org/@xmldom%2fxmldom cache-miss
958 http fetch GET 200 https://registry.npmjs.org/resolve-global 118ms (cache revalidated)
959 silly packumentCache full:https://registry.npmjs.org/resolve-global set size:8338 disposed:false
960 silly fetch manifest debug@^4.3.1
961 silly packumentCache full:https://registry.npmjs.org/debug cache-hit
962 silly fetch manifest @react-native/normalize-colors@0.81.4
963 silly packumentCache full:https://registry.npmjs.org/@react-native%2fnormalize-colors cache-miss
964 http fetch GET 200 https://registry.npmjs.org/temp-dir 120ms (cache revalidated)
965 silly packumentCache full:https://registry.npmjs.org/temp-dir set size:8337 disposed:false
966 silly fetch manifest cross-spawn@^7.0.3
967 silly packumentCache full:https://registry.npmjs.org/cross-spawn cache-miss
968 http fetch GET 200 https://registry.npmjs.org/xmlbuilder 117ms (cache revalidated)
969 silly packumentCache full:https://registry.npmjs.org/xmlbuilder set size:158707 disposed:false
970 silly fetch manifest find-up@^5.0.0
971 silly packumentCache full:https://registry.npmjs.org/find-up cache-miss
972 http fetch GET 200 https://registry.npmjs.org/zod-to-json-schema 120ms (cache revalidated)
973 silly packumentCache full:https://registry.npmjs.org/zod-to-json-schema set size:293597 disposed:false
974 silly fetch manifest js-yaml@^4.1.0
975 silly packumentCache full:https://registry.npmjs.org/js-yaml cache-miss
976 http fetch GET 200 https://registry.npmjs.org/json5 123ms (cache revalidated)
977 silly packumentCache full:https://registry.npmjs.org/json5 set size:86136 disposed:false
978 silly fetch manifest @babel/code-frame@7.10.4
979 silly packumentCache full:https://registry.npmjs.org/@babel%2fcode-frame cache-hit
980 silly fetch manifest open@^7.0.3
981 silly packumentCache full:https://registry.npmjs.org/open cache-miss
982 http fetch GET 200 https://registry.npmjs.org/parse-png 127ms (cache revalidated)
983 silly packumentCache full:https://registry.npmjs.org/parse-png set size:13026 disposed:false
984 silly fetch manifest debug@^4.4.0
985 silly packumentCache full:https://registry.npmjs.org/debug cache-hit
986 silly fetch manifest connect@^3.6.5
987 silly packumentCache full:https://registry.npmjs.org/connect cache-hit
988 silly fetch manifest serve-static@^1.16.2
989 silly packumentCache full:https://registry.npmjs.org/serve-static cache-miss
990 http fetch GET 200 https://registry.npmjs.org/exec-async 127ms (cache revalidated)
991 silly packumentCache full:https://registry.npmjs.org/exec-async set size:6048 disposed:false
992 silly fetch manifest chrome-launcher@^0.15.2
993 silly packumentCache full:https://registry.npmjs.org/chrome-launcher cache-miss
994 http fetch GET 200 https://registry.npmjs.org/@react-native%2fnormalize-colors 12ms (cache hit)
995 silly packumentCache full:https://registry.npmjs.org/@react-native%2fnormalize-colors set size:1483153 disposed:false
996 silly fetch manifest @isaacs/ttlcache@^1.4.1
997 silly packumentCache full:https://registry.npmjs.org/@isaacs%2fttlcache cache-miss
998 http fetch GET 200 https://registry.npmjs.org/zod 144ms (cache updated)
999 silly packumentCache full:https://registry.npmjs.org/zod set size:undefined disposed:false
1000 silly fetch manifest chromium-edge-launcher@^0.2.0
1001 silly packumentCache full:https://registry.npmjs.org/chromium-edge-launcher cache-miss
1002 http fetch GET 200 https://registry.npmjs.org/@expo%2fsudo-prompt 165ms (cache revalidated)
1003 silly packumentCache full:https://registry.npmjs.org/@expo%2fsudo-prompt set size:8721 disposed:false
1004 silly fetch manifest @react-native/debugger-frontend@0.81.4
1005 silly packumentCache full:https://registry.npmjs.org/@react-native%2fdebugger-frontend cache-miss
1006 http fetch GET 200 https://registry.npmjs.org/js-yaml 52ms (cache revalidated)
1007 silly packumentCache full:https://registry.npmjs.org/js-yaml set size:145975 disposed:false
1008 silly fetch manifest wonka@^6.3.2
1009 silly packumentCache full:https://registry.npmjs.org/wonka cache-miss
1010 http fetch GET 200 https://registry.npmjs.org/chrome-launcher 52ms (cache revalidated)
1011 silly packumentCache full:https://registry.npmjs.org/chrome-launcher set size:131779 disposed:false
1012 silly fetch manifest wonka@^6.3.2
1013 silly packumentCache full:https://registry.npmjs.org/wonka cache-miss
1014 http fetch GET 200 https://registry.npmjs.org/open 59ms (cache revalidated)
1015 silly packumentCache full:https://registry.npmjs.org/open set size:133517 disposed:false
1016 silly fetch manifest mime-types@~2.1.34
1017 silly packumentCache full:https://registry.npmjs.org/mime-types cache-miss
1018 http fetch GET 200 https://registry.npmjs.org/cross-spawn 68ms (cache revalidated)
1019 silly packumentCache full:https://registry.npmjs.org/cross-spawn set size:109066 disposed:false
1020 silly fetch manifest negotiator@0.6.3
1021 silly packumentCache full:https://registry.npmjs.org/negotiator cache-miss
1022 http fetch GET 200 https://registry.npmjs.org/find-up 71ms (cache revalidated)
1023 silly packumentCache full:https://registry.npmjs.org/find-up set size:42620 disposed:false
1024 silly fetch manifest open@^8.0.4
1025 silly packumentCache full:https://registry.npmjs.org/open cache-hit
1026 silly fetch manifest stream-buffers@2.2.x
1027 silly packumentCache full:https://registry.npmjs.org/stream-buffers cache-miss
1028 http fetch GET 200 https://registry.npmjs.org/jimp-compact 196ms (cache revalidated)
1029 silly packumentCache full:https://registry.npmjs.org/jimp-compact set size:55876 disposed:false
1030 silly fetch manifest big-integer@1.6.x
1031 silly packumentCache full:https://registry.npmjs.org/big-integer cache-miss
1032 http fetch GET 200 https://registry.npmjs.org/serve-static 70ms (cache revalidated)
1033 silly packumentCache full:https://registry.npmjs.org/serve-static set size:145938 disposed:false
1034 silly fetch manifest ansi-styles@^4.1.0
1035 silly packumentCache full:https://registry.npmjs.org/ansi-styles cache-hit
1036 silly fetch manifest supports-color@^7.1.0
1037 silly packumentCache full:https://registry.npmjs.org/supports-color cache-miss
1038 http fetch GET 200 https://registry.npmjs.org/@isaacs%2fttlcache 65ms (cache revalidated)
1039 silly packumentCache full:https://registry.npmjs.org/@isaacs%2fttlcache set size:45803 disposed:false
1040 silly fetch manifest bytes@3.1.2
1041 silly packumentCache full:https://registry.npmjs.org/bytes cache-miss
1042 http fetch GET 200 https://registry.npmjs.org/chromium-edge-launcher 47ms (cache revalidated)
1043 silly packumentCache full:https://registry.npmjs.org/chromium-edge-launcher set size:66639 disposed:false
1044 silly fetch manifest compressible@~2.0.18
1045 silly packumentCache full:https://registry.npmjs.org/compressible cache-miss
1046 http fetch GET 200 https://registry.npmjs.org/wonka 44ms (cache revalidated)
1047 silly packumentCache full:https://registry.npmjs.org/wonka set size:379002 disposed:false
1048 silly fetch manifest debug@2.6.9
1049 silly packumentCache full:https://registry.npmjs.org/debug cache-hit
1050 silly fetch manifest negotiator@~0.6.4
1051 silly packumentCache full:https://registry.npmjs.org/negotiator cache-miss
1052 http fetch GET 200 https://registry.npmjs.org/mime-types 42ms (cache revalidated)
1053 silly packumentCache full:https://registry.npmjs.org/mime-types set size:136716 disposed:false
1054 silly fetch manifest on-headers@~1.1.0
1055 silly packumentCache full:https://registry.npmjs.org/on-headers cache-miss
1056 http fetch GET 200 https://registry.npmjs.org/wonka 47ms (cache revalidated)
1057 silly packumentCache full:https://registry.npmjs.org/wonka set size:379002 disposed:false
1058 silly packumentCache full:https://registry.npmjs.org/wonka dispose
1059 silly fetch manifest safe-buffer@5.2.1
1060 silly packumentCache full:https://registry.npmjs.org/safe-buffer cache-miss
1061 http fetch GET 200 https://registry.npmjs.org/big-integer 39ms (cache revalidated)
1062 silly packumentCache full:https://registry.npmjs.org/big-integer set size:205433 disposed:false
1063 silly fetch manifest vary@~1.1.2
1064 silly packumentCache full:https://registry.npmjs.org/vary cache-miss
1065 http fetch GET 200 https://registry.npmjs.org/@xmldom%2fxmldom 119ms (cache revalidated)
1066 silly packumentCache full:https://registry.npmjs.org/@xmldom%2fxmldom set size:154096 disposed:false
1067 silly fetch manifest finalhandler@1.1.2
1068 silly packumentCache full:https://registry.npmjs.org/finalhandler cache-miss
1069 http fetch GET 200 https://registry.npmjs.org/negotiator 51ms (cache revalidated)
1070 silly packumentCache full:https://registry.npmjs.org/negotiator set size:48046 disposed:false
1071 silly fetch manifest parseurl@~1.3.3
1072 silly packumentCache full:https://registry.npmjs.org/parseurl cache-miss
1073 http fetch GET 200 https://registry.npmjs.org/bytes 42ms (cache revalidated)
1074 silly packumentCache full:https://registry.npmjs.org/bytes set size:37018 disposed:false
1075 silly fetch manifest utils-merge@1.0.1
1076 silly packumentCache full:https://registry.npmjs.org/utils-merge cache-miss
1077 http fetch GET 200 https://registry.npmjs.org/stream-buffers 56ms (cache revalidated)
1078 silly packumentCache full:https://registry.npmjs.org/stream-buffers set size:32945 disposed:false
1079 silly fetch manifest ms@^2.1.3
1080 silly packumentCache full:https://registry.npmjs.org/ms cache-miss
1081 http fetch GET 200 https://registry.npmjs.org/compressible 46ms (cache revalidated)
1082 silly packumentCache full:https://registry.npmjs.org/compressible set size:61733 disposed:false
1083 silly fetch manifest minipass@^7.1.2
1084 silly packumentCache full:https://registry.npmjs.org/minipass cache-miss
1085 http fetch GET 200 https://registry.npmjs.org/supports-color 59ms (cache revalidated)
1086 silly packumentCache full:https://registry.npmjs.org/supports-color set size:118680 disposed:false
1087 silly fetch manifest jackspeak@^3.1.2
1088 silly packumentCache full:https://registry.npmjs.org/jackspeak cache-miss
1089 http fetch GET 200 https://registry.npmjs.org/negotiator 38ms (cache revalidated)
1090 silly packumentCache full:https://registry.npmjs.org/negotiator set size:48046 disposed:false
1091 silly packumentCache full:https://registry.npmjs.org/negotiator dispose
1092 silly fetch manifest minimatch@^9.0.4
1093 silly packumentCache full:https://registry.npmjs.org/minimatch cache-hit
1094 silly fetch manifest path-scurry@^1.11.1
1095 silly packumentCache full:https://registry.npmjs.org/path-scurry cache-miss
1096 http fetch GET 200 https://registry.npmjs.org/on-headers 46ms (cache revalidated)
1097 silly packumentCache full:https://registry.npmjs.org/on-headers set size:13226 disposed:false
1098 silly fetch manifest foreground-child@^3.1.0
1099 silly packumentCache full:https://registry.npmjs.org/foreground-child cache-miss
1100 http fetch GET 200 https://registry.npmjs.org/@react-native%2fdebugger-frontend 116ms (cache updated)
1101 silly packumentCache full:https://registry.npmjs.org/@react-native%2fdebugger-frontend set size:undefined disposed:false
1102 silly fetch manifest package-json-from-dist@^1.0.0
1103 silly packumentCache full:https://registry.npmjs.org/package-json-from-dist cache-miss
1104 http fetch GET 200 https://registry.npmjs.org/utils-merge 40ms (cache revalidated)
1105 silly packumentCache full:https://registry.npmjs.org/utils-merge set size:5237 disposed:false
1106 silly fetch manifest brace-expansion@^2.0.1
1107 silly packumentCache full:https://registry.npmjs.org/brace-expansion cache-miss
1108 http fetch GET 200 https://registry.npmjs.org/vary 58ms (cache revalidated)
1109 silly packumentCache full:https://registry.npmjs.org/vary set size:16018 disposed:false
1110 silly fetch manifest semver@^7.3.5
1111 silly packumentCache full:https://registry.npmjs.org/semver cache-hit
1112 silly fetch manifest proc-log@^4.0.0
1113 silly packumentCache full:https://registry.npmjs.org/proc-log cache-miss
1114 http fetch GET 200 https://registry.npmjs.org/safe-buffer 62ms (cache revalidated)
1115 silly packumentCache full:https://registry.npmjs.org/safe-buffer set size:41183 disposed:false
1116 silly fetch manifest hosted-git-info@^7.0.0
1117 silly packumentCache full:https://registry.npmjs.org/hosted-git-info cache-miss
1118 http fetch GET 200 https://registry.npmjs.org/parseurl 55ms (cache revalidated)
1119 silly packumentCache full:https://registry.npmjs.org/parseurl set size:24148 disposed:false
1120 silly fetch manifest validate-npm-package-name@^5.0.0
1121 silly packumentCache full:https://registry.npmjs.org/validate-npm-package-name cache-miss
1122 http fetch GET 200 https://registry.npmjs.org/finalhandler 58ms (cache revalidated)
1123 silly packumentCache full:https://registry.npmjs.org/finalhandler set size:74406 disposed:false
1124 silly fetch manifest chalk@^2.4.2
1125 silly packumentCache full:https://registry.npmjs.org/chalk cache-hit
1126 silly fetch manifest wcwidth@^1.0.1
1127 silly packumentCache full:https://registry.npmjs.org/wcwidth cache-miss
1128 http fetch GET 200 https://registry.npmjs.org/ms 49ms (cache revalidated)
1129 silly packumentCache full:https://registry.npmjs.org/ms set size:92208 disposed:false
1130 silly fetch manifest cli-cursor@^2.1.0
1131 silly packumentCache full:https://registry.npmjs.org/cli-cursor cache-miss
1132 http fetch GET 200 https://registry.npmjs.org/minipass 45ms (cache revalidated)
1133 silly packumentCache full:https://registry.npmjs.org/minipass set size:490195 disposed:false
1134 silly fetch manifest strip-ansi@^5.2.0
1135 silly packumentCache full:https://registry.npmjs.org/strip-ansi cache-miss
1136 http fetch GET 200 https://registry.npmjs.org/jackspeak 46ms (cache revalidated)
1137 silly packumentCache full:https://registry.npmjs.org/jackspeak set size:189177 disposed:false
1138 silly fetch manifest log-symbols@^2.2.0
1139 silly packumentCache full:https://registry.npmjs.org/log-symbols cache-miss
1140 http fetch GET 200 https://registry.npmjs.org/path-scurry 46ms (cache revalidated)
1141 silly packumentCache full:https://registry.npmjs.org/path-scurry set size:112463 disposed:false
1142 silly fetch manifest cli-spinners@^2.0.0
1143 silly packumentCache full:https://registry.npmjs.org/cli-spinners cache-miss
1144 http fetch GET 200 https://registry.npmjs.org/foreground-child 55ms (cache revalidated)
1145 silly packumentCache full:https://registry.npmjs.org/foreground-child set size:59344 disposed:false
1146 silly fetch manifest kleur@^3.0.3
1147 silly packumentCache full:https://registry.npmjs.org/kleur cache-miss
1148 http fetch GET 200 https://registry.npmjs.org/brace-expansion 47ms (cache revalidated)
1149 silly packumentCache full:https://registry.npmjs.org/brace-expansion set size:46250 disposed:false
1150 silly fetch manifest sisteransi@^1.0.5
1151 silly packumentCache full:https://registry.npmjs.org/sisteransi cache-miss
1152 http fetch GET 200 https://registry.npmjs.org/validate-npm-package-name 48ms (cache revalidated)
1153 silly packumentCache full:https://registry.npmjs.org/validate-npm-package-name set size:39246 disposed:false
1154 silly fetch manifest nested-error-stacks@~2.0.1
1155 silly packumentCache full:https://registry.npmjs.org/nested-error-stacks cache-miss
1156 http fetch GET 200 https://registry.npmjs.org/strip-ansi 512ms (cache revalidated)
1157 silly packumentCache full:https://registry.npmjs.org/strip-ansi set size:41855 disposed:false
1158 silly fetch manifest rc@~1.2.7
1159 silly packumentCache full:https://registry.npmjs.org/rc cache-miss
1160 http fetch GET 200 https://registry.npmjs.org/cli-cursor 518ms (cache revalidated)
1161 silly packumentCache full:https://registry.npmjs.org/cli-cursor set size:18913 disposed:false
1162 silly fetch manifest resolve@~1.7.1
1163 silly packumentCache full:https://registry.npmjs.org/resolve cache-hit
1164 silly fetch manifest is-core-module@^2.16.0
1165 silly packumentCache full:https://registry.npmjs.org/is-core-module cache-miss
1166 http fetch GET 200 https://registry.npmjs.org/log-symbols 511ms (cache revalidated)
1167 silly packumentCache full:https://registry.npmjs.org/log-symbols set size:31991 disposed:false
1168 silly fetch manifest path-parse@^1.0.7
1169 silly packumentCache full:https://registry.npmjs.org/path-parse cache-miss
1170 http fetch GET 200 https://registry.npmjs.org/proc-log 524ms (cache revalidated)
1171 silly packumentCache full:https://registry.npmjs.org/proc-log set size:28583 disposed:false
1172 silly fetch manifest supports-preserve-symlinks-flag@^1.0.0
1173 silly packumentCache full:https://registry.npmjs.org/supports-preserve-symlinks-flag cache-miss
1174 http fetch GET 200 https://registry.npmjs.org/package-json-from-dist 536ms (cache revalidated)
1175 silly packumentCache full:https://registry.npmjs.org/package-json-from-dist set size:8854 disposed:false
1176 silly fetch manifest ms@2.1.3
1177 silly packumentCache full:https://registry.npmjs.org/ms cache-hit
1178 silly fetch manifest depd@2.0.0
1179 silly packumentCache full:https://registry.npmjs.org/depd cache-miss
1180 http fetch GET 200 https://registry.npmjs.org/wcwidth 522ms (cache revalidated)
1181 silly packumentCache full:https://registry.npmjs.org/wcwidth set size:5904 disposed:false
1182 silly fetch manifest etag@~1.8.1
1183 silly packumentCache full:https://registry.npmjs.org/etag cache-miss
1184 http fetch GET 200 https://registry.npmjs.org/kleur 490ms (cache revalidated)
1185 silly packumentCache full:https://registry.npmjs.org/kleur set size:61853 disposed:false
1186 silly fetch manifest mime@1.6.0
1187 silly packumentCache full:https://registry.npmjs.org/mime cache-miss
1188 http fetch GET 200 https://registry.npmjs.org/sisteransi 489ms (cache revalidated)
1189 silly packumentCache full:https://registry.npmjs.org/sisteransi set size:23215 disposed:false
1190 silly fetch manifest fresh@0.5.2
1191 silly packumentCache full:https://registry.npmjs.org/fresh cache-miss
1192 http fetch GET 200 https://registry.npmjs.org/nested-error-stacks 476ms (cache revalidated)
1193 silly packumentCache full:https://registry.npmjs.org/nested-error-stacks set size:24138 disposed:false
1194 silly fetch manifest destroy@1.2.0
1195 silly packumentCache full:https://registry.npmjs.org/destroy cache-miss
1196 http fetch GET 200 https://registry.npmjs.org/cli-spinners 514ms (cache revalidated)
1197 silly packumentCache full:https://registry.npmjs.org/cli-spinners set size:65441 disposed:false
1198 silly fetch manifest statuses@2.0.1
1199 silly packumentCache full:https://registry.npmjs.org/statuses cache-miss
1200 http fetch GET 200 https://registry.npmjs.org/hosted-git-info 532ms (cache updated)
1201 silly packumentCache full:https://registry.npmjs.org/hosted-git-info set size:undefined disposed:false
1202 silly fetch manifest encodeurl@~2.0.0
1203 silly packumentCache full:https://registry.npmjs.org/encodeurl cache-miss
1204 http fetch GET 200 https://registry.npmjs.org/rc 162ms (cache revalidated)
1205 silly packumentCache full:https://registry.npmjs.org/rc set size:70417 disposed:false
1206 silly fetch manifest escape-html@~1.0.3
1207 silly packumentCache full:https://registry.npmjs.org/escape-html cache-miss
1208 http fetch GET 200 https://registry.npmjs.org/encodeurl 149ms (cache revalidated)
1209 silly packumentCache full:https://registry.npmjs.org/encodeurl set size:12296 disposed:false
1210 silly fetch manifest http-errors@2.0.0
1211 silly packumentCache full:https://registry.npmjs.org/http-errors cache-miss
1212 http fetch GET 200 https://registry.npmjs.org/statuses 155ms (cache revalidated)
1213 silly packumentCache full:https://registry.npmjs.org/statuses set size:37117 disposed:false
1214 silly fetch manifest on-finished@2.4.1
1215 silly packumentCache full:https://registry.npmjs.org/on-finished cache-miss
1216 http fetch GET 200 https://registry.npmjs.org/is-core-module 162ms (cache revalidated)
1217 silly packumentCache full:https://registry.npmjs.org/is-core-module set size:71788 disposed:false
1218 silly fetch manifest range-parser@~1.2.1
1219 silly packumentCache full:https://registry.npmjs.org/range-parser cache-miss
1220 http fetch GET 200 https://registry.npmjs.org/path-parse 162ms (cache revalidated)
1221 silly packumentCache full:https://registry.npmjs.org/path-parse set size:14523 disposed:false
1222 silly fetch manifest buffer-from@^1.0.0
1223 silly packumentCache full:https://registry.npmjs.org/buffer-from cache-miss
1224 http fetch GET 200 https://registry.npmjs.org/etag 161ms (cache revalidated)
1225 silly packumentCache full:https://registry.npmjs.org/etag set size:30032 disposed:false
1226 silly fetch manifest source-map@^0.6.0
1227 silly packumentCache full:https://registry.npmjs.org/source-map cache-miss
1228 http fetch GET 200 https://registry.npmjs.org/depd 163ms (cache revalidated)
1229 silly packumentCache full:https://registry.npmjs.org/depd set size:40182 disposed:false
1230 silly fetch manifest type-fest@^0.7.1
1231 silly packumentCache full:https://registry.npmjs.org/type-fest cache-miss
1232 http fetch GET 200 https://registry.npmjs.org/supports-preserve-symlinks-flag 164ms (cache revalidated)
1233 silly packumentCache full:https://registry.npmjs.org/supports-preserve-symlinks-flag set size:6802 disposed:false
1234 silly fetch manifest @isaacs/fs-minipass@^4.0.0
1235 silly packumentCache full:https://registry.npmjs.org/@isaacs%2ffs-minipass cache-miss
1236 http fetch GET 200 https://registry.npmjs.org/fresh 163ms (cache revalidated)
1237 silly packumentCache full:https://registry.npmjs.org/fresh set size:25427 disposed:false
1238 silly fetch manifest chownr@^3.0.0
1239 silly packumentCache full:https://registry.npmjs.org/chownr cache-miss
1240 http fetch GET 200 https://registry.npmjs.org/mime 163ms (cache revalidated)
1241 silly packumentCache full:https://registry.npmjs.org/mime set size:119236 disposed:false
1242 silly fetch manifest minizlib@^3.1.0
1243 silly packumentCache full:https://registry.npmjs.org/minizlib cache-miss
1244 http fetch GET 200 https://registry.npmjs.org/destroy 164ms (cache revalidated)
1245 silly packumentCache full:https://registry.npmjs.org/destroy set size:15683 disposed:false
1246 silly fetch manifest yallist@^5.0.0
1247 silly packumentCache full:https://registry.npmjs.org/yallist cache-miss
1248 http fetch GET 200 https://registry.npmjs.org/buffer-from 49ms (cache revalidated)
1249 silly packumentCache full:https://registry.npmjs.org/buffer-from set size:15463 disposed:false
1250 silly fetch manifest ansi-escapes@^4.2.1
1251 silly packumentCache full:https://registry.npmjs.org/ansi-escapes cache-miss
1252 http fetch GET 200 https://registry.npmjs.org/on-finished 55ms (cache revalidated)
1253 silly packumentCache full:https://registry.npmjs.org/on-finished set size:23212 disposed:false
1254 silly fetch manifest supports-hyperlinks@^2.0.0
1255 silly packumentCache full:https://registry.npmjs.org/supports-hyperlinks cache-miss
1256 http fetch GET 200 https://registry.npmjs.org/chownr 56ms (cache revalidated)
1257 silly packumentCache full:https://registry.npmjs.org/chownr set size:22157 disposed:false
1258 silly fetch manifest strip-ansi@^6.0.0
1259 silly packumentCache full:https://registry.npmjs.org/strip-ansi cache-hit
1260 silly fetch manifest ansi-styles@^4.0.0
1261 silly packumentCache full:https://registry.npmjs.org/ansi-styles cache-hit
1262 silly fetch manifest string-width@^4.1.0
1263 silly packumentCache full:https://registry.npmjs.org/string-width cache-miss
1264 http fetch GET 200 https://registry.npmjs.org/source-map 60ms (cache revalidated)
1265 silly packumentCache full:https://registry.npmjs.org/source-map set size:226090 disposed:false
1266 http fetch GET 200 https://registry.npmjs.org/minizlib 58ms (cache revalidated)
1267 silly packumentCache full:https://registry.npmjs.org/minizlib set size:62862 disposed:false
1268 http fetch GET 200 https://registry.npmjs.org/yallist 62ms (cache revalidated)
1269 silly packumentCache full:https://registry.npmjs.org/yallist set size:34610 disposed:false
1270 http fetch GET 200 https://registry.npmjs.org/range-parser 70ms (cache revalidated)
1271 silly packumentCache full:https://registry.npmjs.org/range-parser set size:22228 disposed:false
1272 http fetch GET 200 https://registry.npmjs.org/http-errors 72ms (cache revalidated)
1273 silly packumentCache full:https://registry.npmjs.org/http-errors set size:69537 disposed:false
1274 http fetch GET 200 https://registry.npmjs.org/escape-html 73ms (cache revalidated)
1275 silly packumentCache full:https://registry.npmjs.org/escape-html set size:7345 disposed:false
1276 http fetch GET 200 https://registry.npmjs.org/type-fest 68ms (cache revalidated)
1277 silly packumentCache full:https://registry.npmjs.org/type-fest set size:531794 disposed:false
1278 http fetch GET 200 https://registry.npmjs.org/@isaacs%2ffs-minipass 77ms (cache revalidated)
1279 silly packumentCache full:https://registry.npmjs.org/@isaacs%2ffs-minipass set size:7912 disposed:false
1280 http fetch GET 200 https://registry.npmjs.org/ansi-escapes 131ms (cache revalidated)
1281 silly packumentCache full:https://registry.npmjs.org/ansi-escapes set size:66355 disposed:false
1282 http fetch GET 200 https://registry.npmjs.org/supports-hyperlinks 128ms (cache revalidated)
1283 silly packumentCache full:https://registry.npmjs.org/supports-hyperlinks set size:34340 disposed:false
1284 http fetch GET 200 https://registry.npmjs.org/string-width 122ms (cache revalidated)
1285 silly packumentCache full:https://registry.npmjs.org/string-width set size:64158 disposed:false
1286 silly placeDep ROOT nullthrows@1.1.1 OK for: @expo/code-signing-certificates@0.0.5 want: ^1.1.1
1287 silly placeDep ROOT @babel/code-frame@7.10.4 OK for: @expo/config@12.0.10 want: ~7.10.4
1288 silly placeDep ROOT @expo/config-types@54.0.8 OK for: @expo/config@12.0.10 want: ^54.0.8
1289 silly placeDep ROOT deepmerge@4.3.1 OK for: @expo/config@12.0.10 want: ^4.3.1
1290 silly placeDep ROOT resolve-workspace-root@2.0.0 OK for: @expo/config@12.0.10 want: ^2.0.0
1291 silly placeDep ROOT sucrase@3.35.0 OK for: @expo/config@12.0.10 want: 3.35.0
1292 silly fetch manifest @babel/highlight@^7.10.4
1293 silly packumentCache full:https://registry.npmjs.org/@babel%2fhighlight cache-miss
1294 silly fetch manifest @jridgewell/gen-mapping@^0.3.2
1295 silly packumentCache full:https://registry.npmjs.org/@jridgewell%2fgen-mapping cache-miss
1296 silly fetch manifest commander@^4.0.0
1297 silly packumentCache full:https://registry.npmjs.org/commander cache-hit
1298 silly fetch manifest lines-and-columns@^1.1.6
1299 silly packumentCache full:https://registry.npmjs.org/lines-and-columns cache-miss
1300 silly fetch manifest mz@^2.7.0
1301 silly packumentCache full:https://registry.npmjs.org/mz cache-miss
1302 silly fetch manifest pirates@^4.0.1
1303 silly packumentCache full:https://registry.npmjs.org/pirates cache-miss
1304 silly fetch manifest ts-interface-checker@^0.1.9
1305 silly packumentCache full:https://registry.npmjs.org/ts-interface-checker cache-miss
1306 http fetch GET 200 https://registry.npmjs.org/lines-and-columns 56ms (cache revalidated)
1307 silly packumentCache full:https://registry.npmjs.org/lines-and-columns set size:73796 disposed:false
1308 http fetch GET 200 https://registry.npmjs.org/pirates 57ms (cache revalidated)
1309 silly packumentCache full:https://registry.npmjs.org/pirates set size:51327 disposed:false
1310 http fetch GET 200 https://registry.npmjs.org/mz 59ms (cache revalidated)
1311 silly packumentCache full:https://registry.npmjs.org/mz set size:42731 disposed:false
1312 http fetch GET 200 https://registry.npmjs.org/ts-interface-checker 59ms (cache revalidated)
1313 silly packumentCache full:https://registry.npmjs.org/ts-interface-checker set size:58946 disposed:false
1314 http fetch GET 200 https://registry.npmjs.org/@babel%2fhighlight 67ms (cache revalidated)
1315 silly packumentCache full:https://registry.npmjs.org/@babel%2fhighlight set size:154219 disposed:false
1316 http fetch GET 200 https://registry.npmjs.org/@jridgewell%2fgen-mapping 75ms (cache revalidated)
1317 silly packumentCache full:https://registry.npmjs.org/@jridgewell%2fgen-mapping set size:80719 disposed:false
1318 silly placeDep ROOT @babel/highlight@7.25.9 OK for: @babel/code-frame@7.10.4 want: ^7.10.4
1319 silly fetch manifest @babel/helper-validator-identifier@^7.25.9
1320 silly packumentCache full:https://registry.npmjs.org/@babel%2fhelper-validator-identifier cache-miss
1321 silly fetch manifest js-tokens@^4.0.0
1322 silly packumentCache full:https://registry.npmjs.org/js-tokens cache-miss
1323 silly fetch manifest picocolors@^1.0.0
1324 silly packumentCache full:https://registry.npmjs.org/picocolors cache-miss
1325 http fetch GET 200 https://registry.npmjs.org/js-tokens 447ms (cache revalidated)
1326 silly packumentCache full:https://registry.npmjs.org/js-tokens set size:40514 disposed:false
1327 http fetch GET 200 https://registry.npmjs.org/picocolors 449ms (cache revalidated)
1328 silly packumentCache full:https://registry.npmjs.org/picocolors set size:16648 disposed:false
1329 http fetch GET 200 https://registry.npmjs.org/@babel%2fhelper-validator-identifier 450ms (cache revalidated)
1330 silly packumentCache full:https://registry.npmjs.org/@babel%2fhelper-validator-identifier set size:105374 disposed:false
1331 silly placeDep ROOT @babel/helper-validator-identifier@7.27.1 OK for: @babel/highlight@7.25.9 want: ^7.25.9
1332 silly placeDep node_modules/@babel/highlight chalk@2.4.2 OK for: @babel/highlight@7.25.9 want: ^2.4.2
1333 silly placeDep ROOT js-tokens@4.0.0 OK for: @babel/highlight@7.25.9 want: ^4.0.0
1334 silly placeDep ROOT picocolors@1.1.1 OK for: @babel/highlight@7.25.9 want: ^1.0.0
1335 silly fetch manifest ansi-styles@^3.2.1
1336 silly packumentCache full:https://registry.npmjs.org/ansi-styles cache-hit
1337 silly fetch manifest supports-color@^5.3.0
1338 silly packumentCache full:https://registry.npmjs.org/supports-color cache-hit
1339 silly fetch manifest escape-string-regexp@^1.0.5
1340 silly packumentCache full:https://registry.npmjs.org/escape-string-regexp cache-miss
1341 http fetch GET 200 https://registry.npmjs.org/escape-string-regexp 151ms (cache revalidated)
1342 silly packumentCache full:https://registry.npmjs.org/escape-string-regexp set size:22244 disposed:false
1343 silly placeDep ROOT @expo/sdk-runtime-versions@1.0.0 OK for: @expo/config-plugins@54.0.2 want: ^1.0.0
1344 silly placeDep ROOT slash@3.0.0 OK for: @expo/config-plugins@54.0.2 want: ^3.0.0
1345 silly placeDep ROOT xcode@3.0.1 OK for: @expo/config-plugins@54.0.2 want: ^3.0.1
1346 silly placeDep ROOT xml2js@0.6.0 OK for: @expo/config-plugins@54.0.2 want: 0.6.0
1347 silly fetch manifest uuid@^7.0.3
1348 silly packumentCache full:https://registry.npmjs.org/uuid cache-miss
1349 silly fetch manifest simple-plist@^1.1.0
1350 silly packumentCache full:https://registry.npmjs.org/simple-plist cache-miss
1351 silly fetch manifest sax@>=0.6.0
1352 silly packumentCache full:https://registry.npmjs.org/sax cache-miss
1353 silly fetch manifest xmlbuilder@~11.0.0
1354 silly packumentCache full:https://registry.npmjs.org/xmlbuilder cache-hit
1355 http fetch GET 200 https://registry.npmjs.org/sax 43ms (cache revalidated)
1356 silly packumentCache full:https://registry.npmjs.org/sax set size:82736 disposed:false
1357 http fetch GET 200 https://registry.npmjs.org/uuid 44ms (cache revalidated)
1358 silly packumentCache full:https://registry.npmjs.org/uuid set size:224608 disposed:false
1359 http fetch GET 200 https://registry.npmjs.org/simple-plist 51ms (cache revalidated)
1360 silly packumentCache full:https://registry.npmjs.org/simple-plist set size:46135 disposed:false
1361 silly placeDep ROOT @expo/sudo-prompt@9.3.2 OK for: @expo/devcert@1.2.0 want: ^9.3.1
1362 silly placeDep node_modules/@expo/devcert debug@3.2.7 OK for: @expo/devcert@1.2.0 want: ^3.1.0
1363 silly fetch manifest ms@^2.1.1
1364 silly packumentCache full:https://registry.npmjs.org/ms cache-hit
1365 silly placeDep ROOT dotenv@16.4.7 OK for: @expo/env@2.0.7 want: ~16.4.5
1366 silly placeDep ROOT dotenv-expand@11.0.7 OK for: @expo/env@2.0.7 want: ~11.0.6
1367 silly placeDep ROOT ignore@5.3.2 OK for: @expo/fingerprint@0.15.1 want: ^5.3.1
1368 silly placeDep ROOT p-limit@3.1.0 OK for: @expo/fingerprint@0.15.1 want: ^3.1.0
1369 silly fetch manifest yocto-queue@^0.1.0
1370 silly packumentCache full:https://registry.npmjs.org/yocto-queue cache-miss
1371 http fetch GET 200 https://registry.npmjs.org/yocto-queue 112ms (cache revalidated)
1372 silly packumentCache full:https://registry.npmjs.org/yocto-queue set size:18446 disposed:false
1373 silly placeDep ROOT jimp-compact@0.16.1 OK for: @expo/image-utils@0.8.7 want: 0.16.1
1374 silly placeDep ROOT parse-png@2.1.0 OK for: @expo/image-utils@0.8.7 want: ^2.1.0
1375 silly placeDep ROOT resolve-global@1.0.0 OK for: @expo/image-utils@0.8.7 want: ^1.0.0
1376 silly placeDep ROOT temp-dir@2.0.0 OK for: @expo/image-utils@0.8.7 want: ~2.0.0
1377 silly placeDep ROOT unique-string@2.0.0 OK for: @expo/image-utils@0.8.7 want: ~2.0.0
1378 silly fetch manifest pngjs@^3.3.0
1379 silly packumentCache full:https://registry.npmjs.org/pngjs cache-miss
1380 silly fetch manifest global-dirs@^0.1.1
1381 silly packumentCache full:https://registry.npmjs.org/global-dirs cache-miss
1382 silly fetch manifest crypto-random-string@^2.0.0
1383 silly packumentCache full:https://registry.npmjs.org/crypto-random-string cache-miss
1384 http fetch GET 200 https://registry.npmjs.org/global-dirs 61ms (cache revalidated)
1385 silly packumentCache full:https://registry.npmjs.org/global-dirs set size:24765 disposed:false
1386 http fetch GET 200 https://registry.npmjs.org/crypto-random-string 62ms (cache revalidated)
1387 silly packumentCache full:https://registry.npmjs.org/crypto-random-string set size:31541 disposed:false
1388 http fetch GET 200 https://registry.npmjs.org/pngjs 64ms (cache revalidated)
1389 silly packumentCache full:https://registry.npmjs.org/pngjs set size:70154 disposed:false
1390 silly placeDep ROOT json5@2.2.3 OK for: @expo/json-file@10.0.7 want: ^2.2.3
1391 silly placeDep ROOT zod@3.25.76 OK for: @expo/mcp-tunnel@0.0.8 want: ^3.25.76
1392 silly placeDep ROOT zod-to-json-schema@3.24.6 OK for: @expo/mcp-tunnel@0.0.8 want: ^3.24.6
1393 silly placeDep ROOT metro@0.83.1 OK for: @expo/metro@54.0.0 want: 0.83.1
1394 silly placeDep ROOT metro-babel-transformer@0.83.1 OK for: @expo/metro@54.0.0 want: 0.83.1
1395 silly placeDep ROOT metro-cache@0.83.1 OK for: @expo/metro@54.0.0 want: 0.83.1
1396 silly placeDep ROOT metro-cache-key@0.83.1 OK for: @expo/metro@54.0.0 want: 0.83.1
1397 silly placeDep ROOT metro-config@0.83.1 OK for: @expo/metro@54.0.0 want: 0.83.1
1398 silly placeDep ROOT metro-core@0.83.1 OK for: @expo/metro@54.0.0 want: 0.83.1
1399 silly placeDep ROOT metro-file-map@0.83.1 OK for: @expo/metro@54.0.0 want: 0.83.1
1400 silly placeDep ROOT metro-resolver@0.83.1 OK for: @expo/metro@54.0.0 want: 0.83.1
1401 silly placeDep ROOT metro-runtime@0.83.1 OK for: @expo/metro@54.0.0 want: 0.83.1
1402 silly placeDep ROOT metro-source-map@0.83.1 OK for: @expo/metro@54.0.0 want: 0.83.1
1403 silly placeDep ROOT metro-transform-plugins@0.83.1 OK for: @expo/metro@54.0.0 want: 0.83.1
1404 silly placeDep ROOT metro-transform-worker@0.83.1 OK for: @expo/metro@54.0.0 want: 0.83.1
1405 silly fetch manifest ws@^7.5.10
1406 silly packumentCache full:https://registry.npmjs.org/ws cache-hit
1407 silly fetch manifest throat@^5.0.0
1408 silly packumentCache full:https://registry.npmjs.org/throat cache-miss
1409 silly fetch manifest ci-info@^2.0.0
1410 silly packumentCache full:https://registry.npmjs.org/ci-info cache-hit
1411 silly fetch manifest image-size@^1.0.2
1412 silly packumentCache full:https://registry.npmjs.org/image-size cache-miss
1413 silly fetch manifest mime-types@^2.1.27
1414 silly packumentCache full:https://registry.npmjs.org/mime-types cache-hit
1415 silly fetch manifest source-map@^0.5.6
1416 silly packumentCache full:https://registry.npmjs.org/source-map cache-hit
1417 silly fetch manifest @babel/core@^7.25.2
1418 silly packumentCache full:https://registry.npmjs.org/@babel%2fcore cache-hit
1419 silly fetch manifest graceful-fs@^4.2.4
1420 silly packumentCache full:https://registry.npmjs.org/graceful-fs cache-miss
1421 silly fetch manifest jest-worker@^29.7.0
1422 silly packumentCache full:https://registry.npmjs.org/jest-worker cache-miss
1423 silly fetch manifest @babel/types@^7.25.2
1424 silly packumentCache full:https://registry.npmjs.org/@babel%2ftypes cache-miss
1425 silly fetch manifest jsc-safe-url@^0.2.2
1426 silly packumentCache full:https://registry.npmjs.org/jsc-safe-url cache-hit
1427 silly fetch manifest @babel/parser@^7.25.3
1428 silly packumentCache full:https://registry.npmjs.org/@babel%2fparser cache-miss
1429 silly fetch manifest hermes-parser@0.29.1
1430 silly packumentCache full:https://registry.npmjs.org/hermes-parser cache-hit
1431 silly fetch manifest @babel/template@^7.25.0
1432 silly packumentCache full:https://registry.npmjs.org/@babel%2ftemplate cache-miss
1433 silly fetch manifest @babel/traverse@^7.25.3
1434 silly packumentCache full:https://registry.npmjs.org/@babel%2ftraverse cache-miss
1435 silly fetch manifest lodash.throttle@^4.1.1
1436 silly packumentCache full:https://registry.npmjs.org/lodash.throttle cache-miss
1437 silly fetch manifest serialize-error@^2.1.0
1438 silly packumentCache full:https://registry.npmjs.org/serialize-error cache-miss
1439 silly fetch manifest @babel/generator@^7.25.0
1440 silly packumentCache full:https://registry.npmjs.org/@babel%2fgenerator cache-hit
1441 silly fetch manifest @babel/code-frame@^7.24.7
1442 silly packumentCache full:https://registry.npmjs.org/@babel%2fcode-frame cache-hit
1443 silly fetch manifest metro-symbolicate@0.83.1
1444 silly packumentCache full:https://registry.npmjs.org/metro-symbolicate cache-miss
1445 http fetch GET 200 https://registry.npmjs.org/lodash.throttle 615ms (cache revalidated)
1446 silly packumentCache full:https://registry.npmjs.org/lodash.throttle set size:32799 disposed:false
1447 silly fetch manifest error-stack-parser@^2.0.6
1448 silly packumentCache full:https://registry.npmjs.org/error-stack-parser cache-miss
1449 http fetch GET 200 https://registry.npmjs.org/throat 624ms (cache revalidated)
1450 silly packumentCache full:https://registry.npmjs.org/throat set size:31052 disposed:false
1451 silly fetch manifest https-proxy-agent@^7.0.5
1452 silly packumentCache full:https://registry.npmjs.org/https-proxy-agent cache-miss
1453 http fetch GET 200 https://registry.npmjs.org/serialize-error 620ms (cache revalidated)
1454 silly packumentCache full:https://registry.npmjs.org/serialize-error set size:59780 disposed:false
1455 silly fetch manifest exponential-backoff@^3.1.1
1456 silly packumentCache full:https://registry.npmjs.org/exponential-backoff cache-miss
1457 http fetch GET 200 https://registry.npmjs.org/image-size 626ms (cache revalidated)
1458 silly packumentCache full:https://registry.npmjs.org/image-size set size:155542 disposed:false
1459 silly fetch manifest cosmiconfig@^5.0.5
1460 silly packumentCache full:https://registry.npmjs.org/cosmiconfig cache-miss
1461 http fetch GET 200 https://registry.npmjs.org/jest-worker 628ms (cache revalidated)
1462 silly packumentCache full:https://registry.npmjs.org/jest-worker set size:460562 disposed:false
1463 silly fetch manifest jest-validate@^29.7.0
1464 silly packumentCache full:https://registry.npmjs.org/jest-validate cache-miss
1465 http fetch GET 200 https://registry.npmjs.org/@babel%2fparser 632ms (cache revalidated)
1466 silly packumentCache full:https://registry.npmjs.org/@babel%2fparser set size:698218 disposed:false
1467 silly fetch manifest walker@^1.0.7
1468 silly packumentCache full:https://registry.npmjs.org/walker cache-miss
1469 http fetch GET 200 https://registry.npmjs.org/@babel%2ftemplate 641ms (cache revalidated)
1470 silly packumentCache full:https://registry.npmjs.org/@babel%2ftemplate set size:215742 disposed:false
1471 silly fetch manifest micromatch@^4.0.4
1472 silly packumentCache full:https://registry.npmjs.org/micromatch cache-miss
1473 http fetch GET 200 https://registry.npmjs.org/@babel%2ftraverse 643ms (cache revalidated)
1474 silly packumentCache full:https://registry.npmjs.org/@babel%2ftraverse set size:531401 disposed:false
1475 silly fetch manifest fb-watchman@^2.0.0
1476 silly packumentCache full:https://registry.npmjs.org/fb-watchman cache-miss
1477 http fetch GET 200 https://registry.npmjs.org/@babel%2ftypes 648ms (cache revalidated)
1478 silly packumentCache full:https://registry.npmjs.org/@babel%2ftypes set size:471681 disposed:false
1479 silly fetch manifest graceful-fs@^4.2.4
1480 silly packumentCache full:https://registry.npmjs.org/graceful-fs cache-miss
1481 http fetch GET 200 https://registry.npmjs.org/graceful-fs 652ms (cache revalidated)
1482 silly packumentCache full:https://registry.npmjs.org/graceful-fs set size:124285 disposed:false
1483 silly fetch manifest ob1@0.83.1
1484 silly packumentCache full:https://registry.npmjs.org/ob1 cache-miss
1485 http fetch GET 200 https://registry.npmjs.org/metro-symbolicate 648ms (cache revalidated)
1486 silly packumentCache full:https://registry.npmjs.org/metro-symbolicate set size:239211 disposed:false
1487 silly fetch manifest vlq@^1.0.0
1488 silly packumentCache full:https://registry.npmjs.org/vlq cache-miss
1489 http fetch GET 200 https://registry.npmjs.org/graceful-fs 13ms (cache hit)
1490 silly packumentCache full:https://registry.npmjs.org/graceful-fs set size:124285 disposed:false
1491 silly packumentCache full:https://registry.npmjs.org/graceful-fs dispose
1492 silly fetch manifest @babel/traverse--for-generate-function-map@npm:@babel/traverse@^7.25.3
1493 silly packumentCache full:https://registry.npmjs.org/@babel%2ftraverse cache-hit
1494 silly fetch manifest metro-minify-terser@0.83.1
1495 silly packumentCache full:https://registry.npmjs.org/metro-minify-terser cache-miss
1496 http fetch GET 200 https://registry.npmjs.org/error-stack-parser 76ms (cache revalidated)
1497 silly packumentCache full:https://registry.npmjs.org/error-stack-parser set size:89379 disposed:false
1498 http fetch GET 200 https://registry.npmjs.org/cosmiconfig 71ms (cache revalidated)
1499 silly packumentCache full:https://registry.npmjs.org/cosmiconfig set size:275399 disposed:false
1500 http fetch GET 200 https://registry.npmjs.org/exponential-backoff 78ms (cache revalidated)
1501 silly packumentCache full:https://registry.npmjs.org/exponential-backoff set size:53628 disposed:false
1502 http fetch GET 200 https://registry.npmjs.org/walker 60ms (cache revalidated)
1503 silly packumentCache full:https://registry.npmjs.org/walker set size:16077 disposed:false
1504 http fetch GET 200 https://registry.npmjs.org/vlq 55ms (cache revalidated)
1505 silly packumentCache full:https://registry.npmjs.org/vlq set size:23110 disposed:false
1506 http fetch GET 200 https://registry.npmjs.org/fb-watchman 62ms (cache revalidated)
1507 silly packumentCache full:https://registry.npmjs.org/fb-watchman set size:28099 disposed:false
1508 http fetch GET 200 https://registry.npmjs.org/ob1 59ms (cache revalidated)
1509 silly packumentCache full:https://registry.npmjs.org/ob1 set size:204010 disposed:false
1510 http fetch GET 200 https://registry.npmjs.org/micromatch 67ms (cache revalidated)
1511 silly packumentCache full:https://registry.npmjs.org/micromatch set size:240630 disposed:false
1512 http fetch GET 200 https://registry.npmjs.org/https-proxy-agent 91ms (cache revalidated)
1513 silly packumentCache full:https://registry.npmjs.org/https-proxy-agent set size:76222 disposed:false
1514 http fetch GET 200 https://registry.npmjs.org/jest-validate 82ms (cache revalidated)
1515 silly packumentCache full:https://registry.npmjs.org/jest-validate set size:562224 disposed:false
1516 http fetch GET 200 https://registry.npmjs.org/metro-minify-terser 56ms (cache revalidated)
1517 silly packumentCache full:https://registry.npmjs.org/metro-minify-terser set size:248379 disposed:false
1518 silly placeDep node_modules/@expo/metro-config @babel/code-frame@7.27.1 OK for: @expo/metro-config@54.0.6 want: ^7.20.0
1519 silly placeDep ROOT @babel/core@7.28.4 OK for: @expo/metro-config@54.0.6 want: ^7.20.0
1520 silly placeDep ROOT @babel/generator@7.28.3 OK for: @expo/metro-config@54.0.6 want: ^7.20.5
1521 silly placeDep ROOT browserslist@4.26.3 OK for: @expo/metro-config@54.0.6 want: ^4.25.0
1522 silly placeDep ROOT hermes-parser@0.29.1 OK for: @expo/metro-config@54.0.6 want: ^0.29.1
1523 silly placeDep ROOT jsc-safe-url@0.2.4 OK for: @expo/metro-config@54.0.6 want: ^0.2.4
1524 silly placeDep ROOT lightningcss@1.30.2 OK for: @expo/metro-config@54.0.6 want: ^1.30.1
1525 silly placeDep ROOT postcss@8.4.49 OK for: @expo/metro-config@54.0.6 want: ~8.4.32
1526 silly fetch manifest semver@^6.3.1
1527 silly packumentCache full:https://registry.npmjs.org/semver cache-hit
1528 silly fetch manifest gensync@^1.0.0-beta.2
1529 silly packumentCache full:https://registry.npmjs.org/gensync cache-miss
1530 silly fetch manifest @babel/types@^7.28.4
1531 silly packumentCache full:https://registry.npmjs.org/@babel%2ftypes cache-hit
1532 silly fetch manifest @babel/parser@^7.28.4
1533 silly packumentCache full:https://registry.npmjs.org/@babel%2fparser cache-hit
1534 silly fetch manifest @babel/helpers@^7.28.4
1535 silly packumentCache full:https://registry.npmjs.org/@babel%2fhelpers cache-miss
1536 silly fetch manifest @babel/template@^7.27.2
1537 silly packumentCache full:https://registry.npmjs.org/@babel%2ftemplate cache-hit
1538 silly fetch manifest @babel/traverse@^7.28.4
1539 silly packumentCache full:https://registry.npmjs.org/@babel%2ftraverse cache-hit
1540 silly fetch manifest @babel/generator@^7.28.3
1541 silly packumentCache full:https://registry.npmjs.org/@babel%2fgenerator cache-hit
1542 silly fetch manifest @babel/code-frame@^7.27.1
1543 silly packumentCache full:https://registry.npmjs.org/@babel%2fcode-frame cache-hit
1544 silly fetch manifest convert-source-map@^2.0.0
1545 silly packumentCache full:https://registry.npmjs.org/convert-source-map cache-miss
1546 silly fetch manifest @jridgewell/remapping@^2.3.5
1547 silly packumentCache full:https://registry.npmjs.org/@jridgewell%2fremapping cache-miss
1548 silly fetch manifest @babel/helper-module-transforms@^7.28.3
1549 silly packumentCache full:https://registry.npmjs.org/@babel%2fhelper-module-transforms cache-miss
1550 silly fetch manifest @babel/helper-compilation-targets@^7.27.2
1551 silly packumentCache full:https://registry.npmjs.org/@babel%2fhelper-compilation-targets cache-miss
1552 silly fetch manifest jsesc@^3.0.2
1553 silly packumentCache full:https://registry.npmjs.org/jsesc cache-miss
1554 silly fetch manifest @babel/types@^7.28.2
1555 silly packumentCache full:https://registry.npmjs.org/@babel%2ftypes cache-hit
1556 silly fetch manifest @babel/parser@^7.28.3
1557 silly packumentCache full:https://registry.npmjs.org/@babel%2fparser cache-hit
1558 silly fetch manifest @jridgewell/gen-mapping@^0.3.12
1559 silly packumentCache full:https://registry.npmjs.org/@jridgewell%2fgen-mapping cache-hit
1560 silly fetch manifest @jridgewell/trace-mapping@^0.3.28
1561 silly packumentCache full:https://registry.npmjs.org/@jridgewell%2ftrace-mapping cache-miss
1562 silly fetch manifest baseline-browser-mapping@^2.8.9
1563 silly packumentCache full:https://registry.npmjs.org/baseline-browser-mapping cache-miss
1564 silly fetch manifest caniuse-lite@^1.0.30001746
1565 silly packumentCache full:https://registry.npmjs.org/caniuse-lite cache-miss
1566 silly fetch manifest electron-to-chromium@^1.5.227
1567 silly packumentCache full:https://registry.npmjs.org/electron-to-chromium cache-miss
1568 http fetch GET 200 https://registry.npmjs.org/convert-source-map 48ms (cache revalidated)
1569 silly packumentCache full:https://registry.npmjs.org/convert-source-map set size:66997 disposed:false
1570 silly fetch manifest node-releases@^2.0.21
1571 silly packumentCache full:https://registry.npmjs.org/node-releases cache-miss
1572 http fetch GET 200 https://registry.npmjs.org/gensync 51ms (cache revalidated)
1573 silly packumentCache full:https://registry.npmjs.org/gensync set size:15068 disposed:false
1574 silly fetch manifest update-browserslist-db@^1.1.3
1575 silly packumentCache full:https://registry.npmjs.org/update-browserslist-db cache-miss
1576 http fetch GET 200 https://registry.npmjs.org/jsesc 60ms (cache revalidated)
1577 silly packumentCache full:https://registry.npmjs.org/jsesc set size:61512 disposed:false
1578 silly fetch manifest hermes-estree@0.29.1
1579 silly packumentCache full:https://registry.npmjs.org/hermes-estree cache-miss
1580 http fetch GET 200 https://registry.npmjs.org/@babel%2fhelpers 65ms (cache revalidated)
1581 silly packumentCache full:https://registry.npmjs.org/@babel%2fhelpers set size:374841 disposed:false
1582 silly fetch manifest detect-libc@^2.0.3
1583 silly packumentCache full:https://registry.npmjs.org/detect-libc cache-miss
1584 http fetch GET 200 https://registry.npmjs.org/@jridgewell%2fremapping 67ms (cache revalidated)
1585 silly packumentCache full:https://registry.npmjs.org/@jridgewell%2fremapping set size:23809 disposed:false
1586 silly fetch manifest lightningcss-darwin-x64@1.30.2
1587 silly packumentCache full:https://registry.npmjs.org/lightningcss-darwin-x64 cache-miss
1588 http fetch GET 200 https://registry.npmjs.org/@babel%2fhelper-compilation-targets 67ms (cache revalidated)
1589 silly packumentCache full:https://registry.npmjs.org/@babel%2fhelper-compilation-targets set size:206325 disposed:false
1590 silly fetch manifest lightningcss-linux-x64-gnu@1.30.2
1591 silly packumentCache full:https://registry.npmjs.org/lightningcss-linux-x64-gnu cache-miss
1592 http fetch GET 200 https://registry.npmjs.org/@jridgewell%2ftrace-mapping 67ms (cache revalidated)
1593 silly packumentCache full:https://registry.npmjs.org/@jridgewell%2ftrace-mapping set size:170909 disposed:false
1594 silly fetch manifest lightningcss-win32-x64-msvc@1.30.2
1595 silly packumentCache full:https://registry.npmjs.org/lightningcss-win32-x64-msvc cache-miss
1596 http fetch GET 200 https://registry.npmjs.org/baseline-browser-mapping 73ms (cache updated)
1597 silly packumentCache full:https://registry.npmjs.org/baseline-browser-mapping set size:undefined disposed:false
1598 silly fetch manifest lightningcss-win32-arm64-msvc@1.30.2
1599 silly packumentCache full:https://registry.npmjs.org/lightningcss-win32-arm64-msvc cache-miss
1600 http fetch GET 200 https://registry.npmjs.org/@babel%2fhelper-module-transforms 77ms (cache revalidated)
1601 silly packumentCache full:https://registry.npmjs.org/@babel%2fhelper-module-transforms set size:321210 disposed:false
1602 silly fetch manifest lightningcss-darwin-arm64@1.30.2
1603 silly packumentCache full:https://registry.npmjs.org/lightningcss-darwin-arm64 cache-miss
1604 http fetch GET 200 https://registry.npmjs.org/node-releases 45ms (cache revalidated)
1605 silly packumentCache full:https://registry.npmjs.org/node-releases set size:264799 disposed:false
1606 silly fetch manifest lightningcss-linux-arm64-gnu@1.30.2
1607 silly packumentCache full:https://registry.npmjs.org/lightningcss-linux-arm64-gnu cache-miss
1608 http fetch GET 200 https://registry.npmjs.org/update-browserslist-db 53ms (cache revalidated)
1609 silly packumentCache full:https://registry.npmjs.org/update-browserslist-db set size:52280 disposed:false
1610 silly fetch manifest lightningcss-linux-arm-gnueabihf@1.30.2
1611 silly packumentCache full:https://registry.npmjs.org/lightningcss-linux-arm-gnueabihf cache-miss
1612 http fetch GET 200 https://registry.npmjs.org/caniuse-lite 104ms (cache updated)
1613 silly packumentCache full:https://registry.npmjs.org/caniuse-lite set size:undefined disposed:false
1614 silly fetch manifest lightningcss-linux-arm64-musl@1.30.2
1615 silly packumentCache full:https://registry.npmjs.org/lightningcss-linux-arm64-musl cache-miss
1616 http fetch GET 200 https://registry.npmjs.org/detect-libc 424ms (cache revalidated)
1617 silly packumentCache full:https://registry.npmjs.org/detect-libc set size:47861 disposed:false
1618 silly fetch manifest lightningcss-linux-x64-musl@1.30.2
1619 silly packumentCache full:https://registry.npmjs.org/lightningcss-linux-x64-musl cache-miss
1620 http fetch GET 200 https://registry.npmjs.org/lightningcss-darwin-x64 423ms (cache revalidated)
1621 silly packumentCache full:https://registry.npmjs.org/lightningcss-darwin-x64 set size:73656 disposed:false
1622 silly fetch manifest lightningcss-freebsd-x64@1.30.2
1623 silly packumentCache full:https://registry.npmjs.org/lightningcss-freebsd-x64 cache-miss
1624 http fetch GET 200 https://registry.npmjs.org/hermes-estree 430ms (cache revalidated)
1625 silly packumentCache full:https://registry.npmjs.org/hermes-estree set size:112228 disposed:false
1626 silly fetch manifest lightningcss-android-arm64@1.30.2
1627 silly packumentCache full:https://registry.npmjs.org/lightningcss-android-arm64 cache-miss
1628 http fetch GET 200 https://registry.npmjs.org/lightningcss-linux-x64-gnu 425ms (cache revalidated)
1629 silly packumentCache full:https://registry.npmjs.org/lightningcss-linux-x64-gnu set size:74961 disposed:false
1630 silly fetch manifest nanoid@^3.3.7
1631 silly packumentCache full:https://registry.npmjs.org/nanoid cache-miss
1632 http fetch GET 200 https://registry.npmjs.org/lightningcss-win32-arm64-msvc 418ms (cache revalidated)
1633 silly packumentCache full:https://registry.npmjs.org/lightningcss-win32-arm64-msvc set size:21483 disposed:false
1634 silly fetch manifest source-map-js@^1.2.1
1635 silly packumentCache full:https://registry.npmjs.org/source-map-js cache-miss
1636 http fetch GET 200 https://registry.npmjs.org/lightningcss-linux-arm-gnueabihf 394ms (cache revalidated)
1637 silly packumentCache full:https://registry.npmjs.org/lightningcss-linux-arm-gnueabihf set size:75705 disposed:false
1638 http fetch GET 200 https://registry.npmjs.org/lightningcss-darwin-arm64 418ms (cache revalidated)
1639 silly packumentCache full:https://registry.npmjs.org/lightningcss-darwin-arm64 set size:74196 disposed:false
1640 http fetch GET 200 https://registry.npmjs.org/lightningcss-linux-arm64-gnu 403ms (cache revalidated)
1641 silly packumentCache full:https://registry.npmjs.org/lightningcss-linux-arm64-gnu set size:75490 disposed:false
1642 http fetch GET 200 https://registry.npmjs.org/lightningcss-win32-x64-msvc 428ms (cache revalidated)
1643 silly packumentCache full:https://registry.npmjs.org/lightningcss-win32-x64-msvc set size:74539 disposed:false
1644 http fetch GET 200 https://registry.npmjs.org/lightningcss-linux-arm64-musl 392ms (cache revalidated)
1645 silly packumentCache full:https://registry.npmjs.org/lightningcss-linux-arm64-musl set size:75692 disposed:false
1646 http fetch GET 200 https://registry.npmjs.org/electron-to-chromium 513ms (cache updated)
1647 silly packumentCache full:https://registry.npmjs.org/electron-to-chromium set size:undefined disposed:false
1648 http fetch GET 200 https://registry.npmjs.org/lightningcss-freebsd-x64 63ms (cache revalidated)
1649 silly packumentCache full:https://registry.npmjs.org/lightningcss-freebsd-x64 set size:37817 disposed:false
1650 http fetch GET 200 https://registry.npmjs.org/source-map-js 60ms (cache revalidated)
1651 silly packumentCache full:https://registry.npmjs.org/source-map-js set size:62640 disposed:false
1652 http fetch GET 200 https://registry.npmjs.org/nanoid 62ms (cache revalidated)
1653 silly packumentCache full:https://registry.npmjs.org/nanoid set size:298419 disposed:false
1654 http fetch GET 200 https://registry.npmjs.org/lightningcss-linux-x64-musl 68ms (cache revalidated)
1655 silly packumentCache full:https://registry.npmjs.org/lightningcss-linux-x64-musl set size:75155 disposed:false
1656 http fetch GET 200 https://registry.npmjs.org/lightningcss-android-arm64 96ms (cache revalidated)
1657 silly packumentCache full:https://registry.npmjs.org/lightningcss-android-arm64 set size:2570 disposed:false
1658 silly fetch manifest @babel/core@^7.0.0
1659 silly packumentCache full:https://registry.npmjs.org/@babel%2fcore cache-hit
1660 silly placeDep node_modules/@babel/core @babel/code-frame@7.27.1 OK for: @babel/core@7.28.4 want: ^7.27.1
1661 silly placeDep ROOT @babel/helper-compilation-targets@7.27.2 OK for: @babel/core@7.28.4 want: ^7.27.2
1662 silly placeDep ROOT @babel/helper-module-transforms@7.28.3 OK for: @babel/core@7.28.4 want: ^7.28.3
1663 silly placeDep ROOT @babel/helpers@7.28.4 OK for: @babel/core@7.28.4 want: ^7.28.4
1664 silly placeDep ROOT @babel/parser@7.28.4 OK for: @babel/core@7.28.4 want: ^7.28.4
1665 silly placeDep ROOT @babel/template@7.27.2 OK for: @babel/core@7.28.4 want: ^7.27.2
1666 silly placeDep ROOT @babel/traverse@7.28.4 OK for: @babel/core@7.28.4 want: ^7.28.4
1667 silly placeDep ROOT @babel/types@7.28.4 OK for: @babel/core@7.28.4 want: ^7.28.4
1668 silly placeDep ROOT @jridgewell/remapping@2.3.5 OK for: @babel/core@7.28.4 want: ^2.3.5
1669 silly placeDep ROOT convert-source-map@2.0.0 OK for: @babel/core@7.28.4 want: ^2.0.0
1670 silly placeDep ROOT gensync@1.0.0-beta.2 OK for: @babel/core@7.28.4 want: ^1.0.0-beta.2
1671 silly placeDep node_modules/@babel/core semver@6.3.1 OK for: @babel/core@7.28.4 want: ^6.3.1
1672 silly fetch manifest lru-cache@^5.1.1
1673 silly packumentCache full:https://registry.npmjs.org/lru-cache cache-miss
1674 silly fetch manifest @babel/compat-data@^7.27.2
1675 silly packumentCache full:https://registry.npmjs.org/@babel%2fcompat-data cache-miss
1676 silly fetch manifest @babel/helper-validator-option@^7.27.1
1677 silly packumentCache full:https://registry.npmjs.org/@babel%2fhelper-validator-option cache-miss
1678 silly fetch manifest @babel/traverse@^7.28.3
1679 silly packumentCache full:https://registry.npmjs.org/@babel%2ftraverse cache-hit
1680 silly fetch manifest @babel/helper-module-imports@^7.27.1
1681 silly packumentCache full:https://registry.npmjs.org/@babel%2fhelper-module-imports cache-hit
1682 silly fetch manifest @babel/types@^7.27.1
1683 silly packumentCache full:https://registry.npmjs.org/@babel%2ftypes cache-hit
1684 silly fetch manifest @babel/helper-globals@^7.28.0
1685 silly packumentCache full:https://registry.npmjs.org/@babel%2fhelper-globals cache-miss
1686 silly fetch manifest @babel/helper-string-parser@^7.27.1
1687 silly packumentCache full:https://registry.npmjs.org/@babel%2fhelper-string-parser cache-miss
1688 silly fetch manifest @jridgewell/gen-mapping@^0.3.5
1689 silly packumentCache full:https://registry.npmjs.org/@jridgewell%2fgen-mapping cache-hit
1690 silly fetch manifest @jridgewell/trace-mapping@^0.3.24
1691 silly packumentCache full:https://registry.npmjs.org/@jridgewell%2ftrace-mapping cache-hit
1692 http fetch GET 200 https://registry.npmjs.org/@babel%2fhelper-validator-option 139ms (cache revalidated)
1693 silly packumentCache full:https://registry.npmjs.org/@babel%2fhelper-validator-option set size:83631 disposed:false
1694 http fetch GET 200 https://registry.npmjs.org/@babel%2fhelper-string-parser 139ms (cache revalidated)
1695 silly packumentCache full:https://registry.npmjs.org/@babel%2fhelper-string-parser set size:72919 disposed:false
1696 http fetch GET 200 https://registry.npmjs.org/lru-cache 142ms (cache revalidated)
1697 silly packumentCache full:https://registry.npmjs.org/lru-cache set size:400387 disposed:false
1698 http fetch GET 200 https://registry.npmjs.org/@babel%2fhelper-globals 144ms (cache revalidated)
1699 silly packumentCache full:https://registry.npmjs.org/@babel%2fhelper-globals set size:6206 disposed:false
1700 http fetch GET 200 https://registry.npmjs.org/@babel%2fcompat-data 146ms (cache revalidated)
1701 silly packumentCache full:https://registry.npmjs.org/@babel%2fcompat-data set size:288728 disposed:false
1702 silly placeDep ROOT @jridgewell/gen-mapping@0.3.13 OK for: @babel/generator@7.28.3 want: ^0.3.12
1703 silly placeDep ROOT @jridgewell/trace-mapping@0.3.31 OK for: @babel/generator@7.28.3 want: ^0.3.28
1704 silly placeDep ROOT jsesc@3.1.0 OK for: @babel/generator@7.28.3 want: ^3.0.2
1705 silly fetch manifest @jridgewell/sourcemap-codec@^1.5.0
1706 silly packumentCache full:https://registry.npmjs.org/@jridgewell%2fsourcemap-codec cache-miss
1707 silly fetch manifest @jridgewell/resolve-uri@^3.1.0
1708 silly packumentCache full:https://registry.npmjs.org/@jridgewell%2fresolve-uri cache-miss
1709 silly fetch manifest @jridgewell/sourcemap-codec@^1.4.14
1710 silly packumentCache full:https://registry.npmjs.org/@jridgewell%2fsourcemap-codec cache-miss
1711 http fetch GET 200 https://registry.npmjs.org/@jridgewell%2fresolve-uri 90ms (cache revalidated)
1712 silly packumentCache full:https://registry.npmjs.org/@jridgewell%2fresolve-uri set size:57361 disposed:false
1713 http fetch GET 200 https://registry.npmjs.org/@jridgewell%2fsourcemap-codec 92ms (cache revalidated)
1714 silly packumentCache full:https://registry.npmjs.org/@jridgewell%2fsourcemap-codec set size:59275 disposed:false
1715 http fetch GET 200 https://registry.npmjs.org/@jridgewell%2fsourcemap-codec 183ms (cache revalidated)
1716 silly packumentCache full:https://registry.npmjs.org/@jridgewell%2fsourcemap-codec set size:59275 disposed:false
1717 silly packumentCache full:https://registry.npmjs.org/@jridgewell%2fsourcemap-codec dispose
1718 silly placeDep ROOT @babel/compat-data@7.28.4 OK for: @babel/helper-compilation-targets@7.27.2 want: ^7.27.2
1719 silly placeDep ROOT @babel/helper-validator-option@7.27.1 OK for: @babel/helper-compilation-targets@7.27.2 want: ^7.27.1
1720 silly placeDep ROOT lru-cache@5.1.1 OK for: @babel/helper-compilation-targets@7.27.2 want: ^5.1.1
1721 silly placeDep node_modules/@babel/helper-compilation-targets semver@6.3.1 OK for: @babel/helper-compilation-targets@7.27.2 want: ^6.3.1
1722 silly fetch manifest yallist@^3.0.2
1723 silly packumentCache full:https://registry.npmjs.org/yallist cache-hit
1724 silly placeDep ROOT @babel/helper-module-imports@7.27.1 OK for: @babel/helper-module-transforms@7.28.3 want: ^7.27.1
1725 silly placeDep node_modules/@babel/template @babel/code-frame@7.27.1 OK for: @babel/template@7.27.2 want: ^7.27.1
1726 silly placeDep node_modules/@babel/traverse @babel/code-frame@7.27.1 OK for: @babel/traverse@7.28.4 want: ^7.27.1
1727 silly placeDep ROOT @babel/helper-globals@7.28.0 OK for: @babel/traverse@7.28.4 want: ^7.28.0
1728 silly placeDep ROOT @babel/helper-string-parser@7.27.1 OK for: @babel/types@7.28.4 want: ^7.27.1
1729 silly placeDep ROOT exec-async@2.2.0 OK for: @expo/osascript@2.3.7 want: ^2.2.0
1730 silly placeDep ROOT @xmldom/xmldom@0.8.11 OK for: @expo/plist@0.4.7 want: ^0.8.8
1731 silly placeDep ROOT base64-js@1.5.1 OK for: @expo/plist@0.4.7 want: ^1.2.3
1732 silly placeDep ROOT xmlbuilder@15.1.1 OK for: @expo/plist@0.4.7 want: ^15.1.1
1733 silly placeDep ROOT @react-native/normalize-colors@0.81.4 OK for: @expo/prebuild-config@54.0.5 want: 0.81.4
1734 silly placeDep ROOT cross-spawn@7.0.6 OK for: @expo/spawn-async@1.7.2 want: ^7.0.3
1735 silly fetch manifest which@^2.0.1
1736 silly packumentCache full:https://registry.npmjs.org/which cache-miss
1737 silly fetch manifest path-key@^3.1.0
1738 silly packumentCache full:https://registry.npmjs.org/path-key cache-miss
1739 silly fetch manifest shebang-command@^2.0.0
1740 silly packumentCache full:https://registry.npmjs.org/shebang-command cache-miss
1741 http fetch GET 200 https://registry.npmjs.org/shebang-command 372ms (cache revalidated)
1742 silly packumentCache full:https://registry.npmjs.org/shebang-command set size:8525 disposed:false
1743 http fetch GET 200 https://registry.npmjs.org/which 374ms (cache revalidated)
1744 silly packumentCache full:https://registry.npmjs.org/which set size:62722 disposed:false
1745 http fetch GET 200 https://registry.npmjs.org/path-key 374ms (cache revalidated)
1746 silly packumentCache full:https://registry.npmjs.org/path-key set size:16975 disposed:false
1747 silly placeDep ROOT find-up@5.0.0 OK for: @expo/xcpretty@4.3.2 want: ^5.0.0
1748 silly placeDep ROOT js-yaml@4.1.0 OK for: @expo/xcpretty@4.3.2 want: ^4.1.0
1749 silly fetch manifest locate-path@^6.0.0
1750 silly packumentCache full:https://registry.npmjs.org/locate-path cache-miss
1751 silly fetch manifest path-exists@^4.0.0
1752 silly packumentCache full:https://registry.npmjs.org/path-exists cache-miss
1753 silly fetch manifest argparse@^2.0.1
1754 silly packumentCache full:https://registry.npmjs.org/argparse cache-miss
1755 http fetch GET 200 https://registry.npmjs.org/path-exists 139ms (cache revalidated)
1756 silly packumentCache full:https://registry.npmjs.org/path-exists set size:13704 disposed:false
1757 http fetch GET 200 https://registry.npmjs.org/locate-path 140ms (cache revalidated)
1758 silly packumentCache full:https://registry.npmjs.org/locate-path set size:31329 disposed:false
1759 http fetch GET 200 https://registry.npmjs.org/argparse 141ms (cache revalidated)
1760 silly packumentCache full:https://registry.npmjs.org/argparse set size:49266 disposed:false
1761 silly placeDep ROOT @jridgewell/sourcemap-codec@1.5.5 OK for: @jridgewell/gen-mapping@0.3.13 want: ^1.5.0
1762 silly placeDep ROOT @jridgewell/resolve-uri@3.1.2 OK for: @jridgewell/trace-mapping@0.3.31 want: ^3.1.0
1763 silly placeDep ROOT @isaacs/ttlcache@1.4.1 OK for: @react-native/dev-middleware@0.81.4 want: ^1.4.1
1764 silly placeDep ROOT @react-native/debugger-frontend@0.81.4 OK for: @react-native/dev-middleware@0.81.4 want: 0.81.4
1765 silly placeDep ROOT chrome-launcher@0.15.2 OK for: @react-native/dev-middleware@0.81.4 want: ^0.15.2
1766 silly placeDep ROOT chromium-edge-launcher@0.2.0 OK for: @react-native/dev-middleware@0.81.4 want: ^0.2.0
1767 silly placeDep ROOT invariant@2.2.4 OK for: @react-native/dev-middleware@0.81.4 want: ^2.2.4
1768 silly placeDep ROOT open@7.4.2 OK for: @react-native/dev-middleware@0.81.4 want: ^7.0.3
1769 silly placeDep ROOT serve-static@1.16.2 OK for: @react-native/dev-middleware@0.81.4 want: ^1.16.2
1770 silly placeDep node_modules/@react-native/dev-middleware ws@6.2.3 OK for: @react-native/dev-middleware@0.81.4 want: ^6.2.3
1771 silly fetch manifest is-wsl@^2.2.0
1772 silly packumentCache full:https://registry.npmjs.org/is-wsl cache-miss
1773 silly fetch manifest @types/node@*
1774 silly packumentCache full:https://registry.npmjs.org/@types%2fnode cache-miss
1775 silly fetch manifest lighthouse-logger@^1.0.0
1776 silly packumentCache full:https://registry.npmjs.org/lighthouse-logger cache-miss
1777 silly fetch manifest escape-string-regexp@^4.0.0
1778 silly packumentCache full:https://registry.npmjs.org/escape-string-regexp cache-hit
1779 silly fetch manifest @types/node@*
1780 silly packumentCache full:https://registry.npmjs.org/@types%2fnode cache-miss
1781 silly fetch manifest escape-string-regexp@^4.0.0
1782 silly packumentCache full:https://registry.npmjs.org/escape-string-regexp cache-hit
1783 silly fetch manifest is-wsl@^2.2.0
1784 silly packumentCache full:https://registry.npmjs.org/is-wsl cache-miss
1785 silly fetch manifest lighthouse-logger@^1.0.0
1786 silly packumentCache full:https://registry.npmjs.org/lighthouse-logger cache-miss
1787 silly fetch manifest mkdirp@^1.0.4
1788 silly packumentCache full:https://registry.npmjs.org/mkdirp cache-miss
1789 silly fetch manifest rimraf@^3.0.2
1790 silly packumentCache full:https://registry.npmjs.org/rimraf cache-miss
1791 silly fetch manifest loose-envify@^1.0.0
1792 silly packumentCache full:https://registry.npmjs.org/loose-envify cache-miss
1793 silly fetch manifest is-wsl@^2.1.1
1794 silly packumentCache full:https://registry.npmjs.org/is-wsl cache-miss
1795 silly fetch manifest is-docker@^2.0.0
1796 silly packumentCache full:https://registry.npmjs.org/is-docker cache-miss
1797 http fetch GET 200 https://registry.npmjs.org/lighthouse-logger 52ms (cache revalidated)
1798 silly packumentCache full:https://registry.npmjs.org/lighthouse-logger set size:19412 disposed:false
1799 silly fetch manifest send@0.19.0
1800 silly packumentCache full:https://registry.npmjs.org/send cache-hit
1801 silly fetch manifest async-limiter@~1.0.0
1802 silly packumentCache full:https://registry.npmjs.org/async-limiter cache-miss
1803 http fetch GET 200 https://registry.npmjs.org/loose-envify 53ms (cache revalidated)
1804 silly packumentCache full:https://registry.npmjs.org/loose-envify set size:12559 disposed:false
1805 http fetch GET 200 https://registry.npmjs.org/mkdirp 54ms (cache revalidated)
1806 silly packumentCache full:https://registry.npmjs.org/mkdirp set size:116455 disposed:false
1807 http fetch GET 200 https://registry.npmjs.org/is-wsl 65ms (cache revalidated)
1808 silly packumentCache full:https://registry.npmjs.org/is-wsl set size:18741 disposed:false
1809 http fetch GET 200 https://registry.npmjs.org/is-wsl 71ms (cache revalidated)
1810 silly packumentCache full:https://registry.npmjs.org/is-wsl set size:18741 disposed:false
1811 silly packumentCache full:https://registry.npmjs.org/is-wsl dispose
1812 http fetch GET 200 https://registry.npmjs.org/lighthouse-logger 72ms (cache revalidated)
1813 silly packumentCache full:https://registry.npmjs.org/lighthouse-logger set size:19412 disposed:false
1814 silly packumentCache full:https://registry.npmjs.org/lighthouse-logger dispose
1815 http fetch GET 200 https://registry.npmjs.org/is-wsl 73ms (cache revalidated)
1816 silly packumentCache full:https://registry.npmjs.org/is-wsl set size:18741 disposed:true
1817 silly packumentCache full:https://registry.npmjs.org/is-wsl dispose
1818 http fetch GET 200 https://registry.npmjs.org/is-docker 67ms (cache revalidated)
1819 silly packumentCache full:https://registry.npmjs.org/is-docker set size:23690 disposed:false
1820 http fetch GET 200 https://registry.npmjs.org/rimraf 68ms (cache revalidated)
1821 silly packumentCache full:https://registry.npmjs.org/rimraf set size:191585 disposed:false
1822 http fetch GET 200 https://registry.npmjs.org/async-limiter 56ms (cache revalidated)
1823 silly packumentCache full:https://registry.npmjs.org/async-limiter set size:12538 disposed:false
1824 http fetch GET 200 https://registry.npmjs.org/@types%2fnode 148ms (cache updated)
1825 silly packumentCache full:https://registry.npmjs.org/@types%2fnode set size:undefined disposed:false
1826 http fetch GET 200 https://registry.npmjs.org/@types%2fnode 312ms (cache updated)
1827 silly packumentCache full:https://registry.npmjs.org/@types%2fnode set size:undefined disposed:false
1828 silly placeDep ROOT wonka@6.3.5 OK for: @urql/core@5.2.0 want: ^6.3.2
1829 silly placeDep ROOT mime-types@2.1.35 OK for: accepts@1.3.8 want: ~2.1.34
1830 silly placeDep ROOT negotiator@0.6.3 OK for: accepts@1.3.8 want: 0.6.3
1831 silly fetch manifest mime-db@1.52.0
1832 silly packumentCache full:https://registry.npmjs.org/mime-db cache-miss
1833 http fetch GET 200 https://registry.npmjs.org/mime-db 45ms (cache revalidated)
1834 silly packumentCache full:https://registry.npmjs.org/mime-db set size:164953 disposed:false
1835 silly fetch manifest @babel/core@^7.12.0
1836 silly packumentCache full:https://registry.npmjs.org/@babel%2fcore cache-hit
1837 silly placeDep ROOT @babel/plugin-proposal-decorators@7.28.0 OK for: babel-preset-expo@54.0.4 want: ^7.12.9
1838 silly placeDep ROOT @babel/plugin-proposal-export-default-from@7.27.1 OK for: babel-preset-expo@54.0.4 want: ^7.24.7
1839 silly placeDep ROOT @babel/plugin-syntax-export-default-from@7.27.1 OK for: babel-preset-expo@54.0.4 want: ^7.24.7
1840 silly placeDep ROOT @babel/plugin-transform-class-static-block@7.28.3 OK for: babel-preset-expo@54.0.4 want: ^7.27.1
1841 silly placeDep ROOT @babel/plugin-transform-export-namespace-from@7.27.1 OK for: babel-preset-expo@54.0.4 want: ^7.25.9
1842 silly placeDep ROOT @babel/plugin-transform-flow-strip-types@7.27.1 OK for: babel-preset-expo@54.0.4 want: ^7.25.2
1843 silly placeDep ROOT @babel/plugin-transform-modules-commonjs@7.27.1 OK for: babel-preset-expo@54.0.4 want: ^7.24.8
1844 silly placeDep ROOT @babel/plugin-transform-object-rest-spread@7.28.4 OK for: babel-preset-expo@54.0.4 want: ^7.24.7
1845 silly placeDep ROOT @babel/plugin-transform-parameters@7.27.7 OK for: babel-preset-expo@54.0.4 want: ^7.24.7
1846 silly placeDep ROOT @babel/plugin-transform-private-methods@7.27.1 OK for: babel-preset-expo@54.0.4 want: ^7.24.7
1847 silly placeDep ROOT @babel/plugin-transform-private-property-in-object@7.27.1 OK for: babel-preset-expo@54.0.4 want: ^7.24.7
1848 silly placeDep ROOT @babel/plugin-transform-runtime@7.28.3 OK for: babel-preset-expo@54.0.4 want: ^7.24.7
1849 silly placeDep ROOT @babel/preset-react@7.27.1 OK for: babel-preset-expo@54.0.4 want: ^7.22.15
1850 silly placeDep ROOT @babel/preset-typescript@7.27.1 OK for: babel-preset-expo@54.0.4 want: ^7.23.0
1851 silly placeDep ROOT @react-native/babel-preset@0.81.4 OK for: babel-preset-expo@54.0.4 want: 0.81.4
1852 silly placeDep ROOT babel-plugin-react-compiler@1.0.0 OK for: babel-preset-expo@54.0.4 want: ^1.0.0
1853 silly placeDep ROOT babel-plugin-react-native-web@0.21.1 OK for: babel-preset-expo@54.0.4 want: ~0.21.0
1854 silly placeDep ROOT babel-plugin-syntax-hermes-parser@0.29.1 OK for: babel-preset-expo@54.0.4 want: ^0.29.1
1855 silly placeDep ROOT babel-plugin-transform-flow-enums@0.0.2 OK for: babel-preset-expo@54.0.4 want: ^0.0.2
1856 silly fetch manifest @babel/helper-plugin-utils@^7.27.1
1857 silly packumentCache full:https://registry.npmjs.org/@babel%2fhelper-plugin-utils cache-miss
1858 silly fetch manifest @babel/plugin-syntax-decorators@^7.27.1
1859 silly packumentCache full:https://registry.npmjs.org/@babel%2fplugin-syntax-decorators cache-miss
1860 silly fetch manifest @babel/helper-create-class-features-plugin@^7.27.1
1861 silly packumentCache full:https://registry.npmjs.org/@babel%2fhelper-create-class-features-plugin cache-miss
1862 silly fetch manifest @babel/helper-plugin-utils@^7.27.1
1863 silly packumentCache full:https://registry.npmjs.org/@babel%2fhelper-plugin-utils cache-miss
1864 silly fetch manifest @babel/helper-plugin-utils@^7.27.1
1865 silly packumentCache full:https://registry.npmjs.org/@babel%2fhelper-plugin-utils cache-miss
1866 silly fetch manifest @babel/helper-plugin-utils@^7.27.1
1867 silly packumentCache full:https://registry.npmjs.org/@babel%2fhelper-plugin-utils cache-miss
1868 silly fetch manifest @babel/helper-create-class-features-plugin@^7.28.3
1869 silly packumentCache full:https://registry.npmjs.org/@babel%2fhelper-create-class-features-plugin cache-miss
1870 silly fetch manifest @babel/helper-plugin-utils@^7.27.1
1871 silly packumentCache full:https://registry.npmjs.org/@babel%2fhelper-plugin-utils cache-miss
1872 silly fetch manifest @babel/plugin-syntax-flow@^7.27.1
1873 silly packumentCache full:https://registry.npmjs.org/@babel%2fplugin-syntax-flow cache-miss
1874 silly fetch manifest @babel/helper-plugin-utils@^7.27.1
1875 silly packumentCache full:https://registry.npmjs.org/@babel%2fhelper-plugin-utils cache-miss
1876 silly fetch manifest @babel/helper-plugin-utils@^7.27.1
1877 silly packumentCache full:https://registry.npmjs.org/@babel%2fhelper-plugin-utils cache-miss
1878 http fetch GET 200 https://registry.npmjs.org/@babel%2fhelper-plugin-utils 136ms (cache revalidated)
1879 silly packumentCache full:https://registry.npmjs.org/@babel%2fhelper-plugin-utils set size:152915 disposed:false
1880 silly fetch manifest @babel/plugin-transform-parameters@^7.27.7
1881 silly packumentCache full:https://registry.npmjs.org/@babel%2fplugin-transform-parameters cache-hit
1882 silly fetch manifest @babel/plugin-transform-destructuring@^7.28.0
1883 silly packumentCache full:https://registry.npmjs.org/@babel%2fplugin-transform-destructuring cache-miss
1884 http fetch GET 200 https://registry.npmjs.org/@babel%2fhelper-plugin-utils 138ms (cache revalidated)
1885 silly packumentCache full:https://registry.npmjs.org/@babel%2fhelper-plugin-utils set size:152915 disposed:false
1886 silly packumentCache full:https://registry.npmjs.org/@babel%2fhelper-plugin-utils dispose
1887 silly fetch manifest @babel/helper-create-class-features-plugin@^7.27.1
1888 silly packumentCache full:https://registry.npmjs.org/@babel%2fhelper-create-class-features-plugin cache-miss
1889 http fetch GET 200 https://registry.npmjs.org/@babel%2fhelper-create-class-features-plugin 139ms (cache revalidated)
1890 silly packumentCache full:https://registry.npmjs.org/@babel%2fhelper-create-class-features-plugin set size:348233 disposed:false
1891 silly fetch manifest @babel/helper-annotate-as-pure@^7.27.1
1892 silly packumentCache full:https://registry.npmjs.org/@babel%2fhelper-annotate-as-pure cache-miss
1893 http fetch GET 200 https://registry.npmjs.org/@babel%2fhelper-plugin-utils 145ms (cache revalidated)
1894 silly packumentCache full:https://registry.npmjs.org/@babel%2fhelper-plugin-utils set size:152915 disposed:true
1895 silly packumentCache full:https://registry.npmjs.org/@babel%2fhelper-plugin-utils dispose
1896 silly fetch manifest @babel/helper-create-class-features-plugin@^7.27.1
1897 silly packumentCache full:https://registry.npmjs.org/@babel%2fhelper-create-class-features-plugin cache-hit
1898 silly fetch manifest babel-plugin-polyfill-corejs2@^0.4.14
1899 silly packumentCache full:https://registry.npmjs.org/babel-plugin-polyfill-corejs2 cache-miss
1900 http fetch GET 200 https://registry.npmjs.org/@babel%2fhelper-plugin-utils 148ms (cache revalidated)
1901 silly packumentCache full:https://registry.npmjs.org/@babel%2fhelper-plugin-utils set size:152915 disposed:true
1902 silly packumentCache full:https://registry.npmjs.org/@babel%2fhelper-plugin-utils dispose
1903 silly fetch manifest babel-plugin-polyfill-corejs3@^0.13.0
1904 silly packumentCache full:https://registry.npmjs.org/babel-plugin-polyfill-corejs3 cache-miss
1905 http fetch GET 200 https://registry.npmjs.org/@babel%2fhelper-create-class-features-plugin 152ms (cache revalidated)
1906 silly packumentCache full:https://registry.npmjs.org/@babel%2fhelper-create-class-features-plugin set size:348233 disposed:false
1907 silly packumentCache full:https://registry.npmjs.org/@babel%2fhelper-create-class-features-plugin dispose
1908 silly fetch manifest babel-plugin-polyfill-regenerator@^0.6.5
1909 silly packumentCache full:https://registry.npmjs.org/babel-plugin-polyfill-regenerator cache-miss
1910 http fetch GET 200 https://registry.npmjs.org/@babel%2fplugin-syntax-decorators 155ms (cache revalidated)
1911 silly packumentCache full:https://registry.npmjs.org/@babel%2fplugin-syntax-decorators set size:191784 disposed:false
1912 silly fetch manifest @babel/plugin-transform-react-jsx@^7.27.1
1913 silly packumentCache full:https://registry.npmjs.org/@babel%2fplugin-transform-react-jsx cache-miss
1914 http fetch GET 200 https://registry.npmjs.org/@babel%2fplugin-syntax-flow 154ms (cache revalidated)
1915 silly packumentCache full:https://registry.npmjs.org/@babel%2fplugin-syntax-flow set size:177374 disposed:false
1916 silly fetch manifest @babel/plugin-transform-react-display-name@^7.27.1
1917 silly packumentCache full:https://registry.npmjs.org/@babel%2fplugin-transform-react-display-name cache-miss
1918 http fetch GET 200 https://registry.npmjs.org/@babel%2fhelper-plugin-utils 156ms (cache revalidated)
1919 silly packumentCache full:https://registry.npmjs.org/@babel%2fhelper-plugin-utils set size:152915 disposed:true
1920 silly packumentCache full:https://registry.npmjs.org/@babel%2fhelper-plugin-utils dispose
1921 silly fetch manifest @babel/plugin-transform-react-jsx-development@^7.27.1
1922 silly packumentCache full:https://registry.npmjs.org/@babel%2fplugin-transform-react-jsx-development cache-miss
1923 http fetch GET 200 https://registry.npmjs.org/@babel%2fhelper-plugin-utils 159ms (cache revalidated)
1924 silly packumentCache full:https://registry.npmjs.org/@babel%2fhelper-plugin-utils set size:152915 disposed:true
1925 silly packumentCache full:https://registry.npmjs.org/@babel%2fhelper-plugin-utils dispose
1926 silly fetch manifest @babel/plugin-transform-react-pure-annotations@^7.27.1
1927 silly packumentCache full:https://registry.npmjs.org/@babel%2fplugin-transform-react-pure-annotations cache-miss
1928 http fetch GET 200 https://registry.npmjs.org/@babel%2fhelper-plugin-utils 163ms (cache revalidated)
1929 silly packumentCache full:https://registry.npmjs.org/@babel%2fhelper-plugin-utils set size:152915 disposed:true
1930 silly packumentCache full:https://registry.npmjs.org/@babel%2fhelper-plugin-utils dispose
1931 silly fetch manifest @babel/plugin-syntax-jsx@^7.27.1
1932 silly packumentCache full:https://registry.npmjs.org/@babel%2fplugin-syntax-jsx cache-miss
1933 http fetch GET 200 https://registry.npmjs.org/@babel%2fhelper-create-class-features-plugin 24ms (cache hit)
1934 silly packumentCache full:https://registry.npmjs.org/@babel%2fhelper-create-class-features-plugin set size:348233 disposed:true
1935 silly packumentCache full:https://registry.npmjs.org/@babel%2fhelper-create-class-features-plugin dispose
1936 silly fetch manifest @babel/plugin-transform-typescript@^7.27.1
1937 silly packumentCache full:https://registry.npmjs.org/@babel%2fplugin-transform-typescript cache-miss
1938 http fetch GET 200 https://registry.npmjs.org/babel-plugin-polyfill-corejs2 56ms (cache revalidated)
1939 silly packumentCache full:https://registry.npmjs.org/babel-plugin-polyfill-corejs2 set size:110236 disposed:false
1940 silly fetch manifest @babel/plugin-transform-for-of@^7.24.7
1941 silly packumentCache full:https://registry.npmjs.org/@babel%2fplugin-transform-for-of cache-miss
1942 http fetch GET 200 https://registry.npmjs.org/babel-plugin-polyfill-corejs3 56ms (cache revalidated)
1943 silly packumentCache full:https://registry.npmjs.org/babel-plugin-polyfill-corejs3 set size:140660 disposed:false
1944 silly fetch manifest @babel/plugin-transform-spread@^7.24.7
1945 silly packumentCache full:https://registry.npmjs.org/@babel%2fplugin-transform-spread cache-miss
1946 http fetch GET 200 https://registry.npmjs.org/@babel%2fhelper-annotate-as-pure 67ms (cache revalidated)
1947 silly packumentCache full:https://registry.npmjs.org/@babel%2fhelper-annotate-as-pure set size:161934 disposed:false
1948 silly fetch manifest @babel/plugin-transform-classes@^7.25.4
1949 silly packumentCache full:https://registry.npmjs.org/@babel%2fplugin-transform-classes cache-miss
1950 http fetch GET 200 https://registry.npmjs.org/@babel%2fplugin-transform-destructuring 76ms (cache revalidated)
1951 silly packumentCache full:https://registry.npmjs.org/@babel%2fplugin-transform-destructuring set size:276251 disposed:false
1952 silly fetch manifest @babel/plugin-transform-literals@^7.25.2
1953 silly packumentCache full:https://registry.npmjs.org/@babel%2fplugin-transform-literals cache-miss
1954 http fetch GET 200 https://registry.npmjs.org/@babel%2fplugin-transform-react-pure-annotations 59ms (cache revalidated)
1955 silly packumentCache full:https://registry.npmjs.org/@babel%2fplugin-transform-react-pure-annotations set size:103630 disposed:false
1956 silly fetch manifest @babel/plugin-transform-react-jsx@^7.25.2
1957 silly packumentCache full:https://registry.npmjs.org/@babel%2fplugin-transform-react-jsx cache-miss
1958 http fetch GET 200 https://registry.npmjs.org/@babel%2fplugin-transform-react-jsx 68ms (cache revalidated)
1959 silly packumentCache full:https://registry.npmjs.org/@babel%2fplugin-transform-react-jsx set size:270647 disposed:false
1960 silly fetch manifest babel-plugin-syntax-hermes-parser@0.29.1
1961 silly packumentCache full:https://registry.npmjs.org/babel-plugin-syntax-hermes-parser cache-hit
1962 silly fetch manifest @babel/plugin-transform-typescript@^7.25.2
1963 silly packumentCache full:https://registry.npmjs.org/@babel%2fplugin-transform-typescript cache-miss
1964 http fetch GET 200 https://registry.npmjs.org/@babel%2fplugin-transform-react-display-name 68ms (cache revalidated)
1965 silly packumentCache full:https://registry.npmjs.org/@babel%2fplugin-transform-react-display-name set size:195113 disposed:false
1966 silly fetch manifest @react-native/babel-plugin-codegen@0.81.4
1967 silly packumentCache full:https://registry.npmjs.org/@react-native%2fbabel-plugin-codegen cache-miss
1968 http fetch GET 200 https://registry.npmjs.org/@babel%2fplugin-syntax-jsx 63ms (cache revalidated)
1969 silly packumentCache full:https://registry.npmjs.org/@babel%2fplugin-syntax-jsx set size:171548 disposed:false
1970 silly fetch manifest @babel/plugin-syntax-dynamic-import@^7.8.3
1971 silly packumentCache full:https://registry.npmjs.org/@babel%2fplugin-syntax-dynamic-import cache-miss
1972 http fetch GET 200 https://registry.npmjs.org/@babel%2fplugin-transform-typescript 63ms (cache revalidated)
1973 silly packumentCache full:https://registry.npmjs.org/@babel%2fplugin-transform-typescript set size:372124 disposed:false
1974 silly fetch manifest @babel/plugin-transform-regenerator@^7.24.7
1975 silly packumentCache full:https://registry.npmjs.org/@babel%2fplugin-transform-regenerator cache-miss
1976 http fetch GET 200 https://registry.npmjs.org/@babel%2fplugin-transform-react-jsx-development 72ms (cache revalidated)
1977 silly packumentCache full:https://registry.npmjs.org/@babel%2fplugin-transform-react-jsx-development set size:111897 disposed:false
1978 silly fetch manifest @babel/plugin-transform-sticky-regex@^7.24.7
1979 silly packumentCache full:https://registry.npmjs.org/@babel%2fplugin-transform-sticky-regex cache-miss
1980 http fetch GET 200 https://registry.npmjs.org/babel-plugin-polyfill-regenerator 81ms (cache revalidated)
1981 silly packumentCache full:https://registry.npmjs.org/babel-plugin-polyfill-regenerator set size:89229 disposed:false
1982 silly fetch manifest @babel/plugin-transform-block-scoping@^7.25.0
1983 silly packumentCache full:https://registry.npmjs.org/@babel%2fplugin-transform-block-scoping cache-miss
1984 http fetch GET 200 https://registry.npmjs.org/@babel%2fplugin-transform-for-of 49ms (cache revalidated)
1985 silly packumentCache full:https://registry.npmjs.org/@babel%2fplugin-transform-for-of set size:222478 disposed:false
1986 silly fetch manifest @babel/plugin-transform-destructuring@^7.24.8
1987 silly packumentCache full:https://registry.npmjs.org/@babel%2fplugin-transform-destructuring cache-hit
1988 silly fetch manifest @babel/plugin-transform-function-name@^7.25.1
1989 silly packumentCache full:https://registry.npmjs.org/@babel%2fplugin-transform-function-name cache-miss
1990 http fetch GET 200 https://registry.npmjs.org/@babel%2fplugin-transform-spread 54ms (cache revalidated)
1991 silly packumentCache full:https://registry.npmjs.org/@babel%2fplugin-transform-spread set size:207413 disposed:false
1992 silly fetch manifest @babel/plugin-transform-unicode-regex@^7.24.7
1993 silly packumentCache full:https://registry.npmjs.org/@babel%2fplugin-transform-unicode-regex cache-miss
1994 http fetch GET 200 https://registry.npmjs.org/@babel%2fplugin-transform-classes 61ms (cache revalidated)
1995 silly packumentCache full:https://registry.npmjs.org/@babel%2fplugin-transform-classes set size:312829 disposed:false
1996 silly fetch manifest @babel/plugin-syntax-optional-chaining@^7.8.3
1997 silly packumentCache full:https://registry.npmjs.org/@babel%2fplugin-syntax-optional-chaining cache-miss
1998 http fetch GET 200 https://registry.npmjs.org/@babel%2fplugin-transform-react-jsx 57ms (cache revalidated)
1999 silly packumentCache full:https://registry.npmjs.org/@babel%2fplugin-transform-react-jsx set size:270647 disposed:false
2000 silly packumentCache full:https://registry.npmjs.org/@babel%2fplugin-transform-react-jsx dispose
2001 silly fetch manifest @babel/plugin-transform-react-jsx-self@^7.24.7
2002 silly packumentCache full:https://registry.npmjs.org/@babel%2fplugin-transform-react-jsx-self cache-miss
2003 http fetch GET 200 https://registry.npmjs.org/@babel%2fplugin-transform-literals 64ms (cache revalidated)
2004 silly packumentCache full:https://registry.npmjs.org/@babel%2fplugin-transform-literals set size:184966 disposed:false
2005 silly fetch manifest @babel/plugin-transform-arrow-functions@^7.24.7
2006 silly packumentCache full:https://registry.npmjs.org/@babel%2fplugin-transform-arrow-functions cache-miss
2007 http fetch GET 200 https://registry.npmjs.org/@babel%2fplugin-transform-typescript 58ms (cache revalidated)
2008 silly packumentCache full:https://registry.npmjs.org/@babel%2fplugin-transform-typescript set size:372124 disposed:false
2009 silly packumentCache full:https://registry.npmjs.org/@babel%2fplugin-transform-typescript dispose
2010 silly fetch manifest @babel/plugin-transform-class-properties@^7.25.4
2011 silly packumentCache full:https://registry.npmjs.org/@babel%2fplugin-transform-class-properties cache-miss
2012 http fetch GET 200 https://registry.npmjs.org/@babel%2fplugin-transform-sticky-regex 55ms (cache revalidated)
2013 silly packumentCache full:https://registry.npmjs.org/@babel%2fplugin-transform-sticky-regex set size:184201 disposed:false
2014 silly fetch manifest @babel/plugin-transform-react-jsx-source@^7.24.7
2015 silly packumentCache full:https://registry.npmjs.org/@babel%2fplugin-transform-react-jsx-source cache-miss
2016 http fetch GET 200 https://registry.npmjs.org/@babel%2fplugin-transform-regenerator 58ms (cache revalidated)
2017 silly packumentCache full:https://registry.npmjs.org/@babel%2fplugin-transform-regenerator set size:246108 disposed:false
2018 silly fetch manifest @babel/plugin-transform-numeric-separator@^7.24.7
2019 silly packumentCache full:https://registry.npmjs.org/@babel%2fplugin-transform-numeric-separator cache-miss
2020 http fetch GET 200 https://registry.npmjs.org/@babel%2fplugin-syntax-dynamic-import 65ms (cache revalidated)
2021 silly packumentCache full:https://registry.npmjs.org/@babel%2fplugin-syntax-dynamic-import set size:81432 disposed:false
2022 silly fetch manifest @babel/plugin-transform-optional-chaining@^7.24.8
2023 silly packumentCache full:https://registry.npmjs.org/@babel%2fplugin-transform-optional-chaining cache-miss
2024 http fetch GET 200 https://registry.npmjs.org/@babel%2fplugin-transform-block-scoping 59ms (cache revalidated)
2025 silly packumentCache full:https://registry.npmjs.org/@babel%2fplugin-transform-block-scoping set size:298153 disposed:false
2026 silly fetch manifest @babel/plugin-transform-async-to-generator@^7.24.7
2027 silly packumentCache full:https://registry.npmjs.org/@babel%2fplugin-transform-async-to-generator cache-miss
2028 http fetch GET 200 https://registry.npmjs.org/@babel%2fplugin-transform-arrow-functions 130ms (cache revalidated)
2029 silly packumentCache full:https://registry.npmjs.org/@babel%2fplugin-transform-arrow-functions set size:194875 disposed:false
2030 silly fetch manifest @babel/plugin-transform-react-display-name@^7.24.7
2031 silly packumentCache full:https://registry.npmjs.org/@babel%2fplugin-transform-react-display-name cache-hit
2032 silly fetch manifest @babel/plugin-transform-computed-properties@^7.24.7
2033 silly packumentCache full:https://registry.npmjs.org/@babel%2fplugin-transform-computed-properties cache-miss
2034 http fetch GET 200 https://registry.npmjs.org/@babel%2fplugin-transform-function-name 157ms (cache revalidated)
2035 silly packumentCache full:https://registry.npmjs.org/@babel%2fplugin-transform-function-name set size:206119 disposed:false
2036 silly fetch manifest @babel/plugin-transform-shorthand-properties@^7.24.7
2037 silly packumentCache full:https://registry.npmjs.org/@babel%2fplugin-transform-shorthand-properties cache-miss
2038 http fetch GET 200 https://registry.npmjs.org/@babel%2fplugin-transform-unicode-regex 153ms (cache revalidated)
2039 silly packumentCache full:https://registry.npmjs.org/@babel%2fplugin-transform-unicode-regex set size:196891 disposed:false
2040 silly fetch manifest @babel/plugin-transform-optional-catch-binding@^7.24.7
2041 silly packumentCache full:https://registry.npmjs.org/@babel%2fplugin-transform-optional-catch-binding cache-miss
2042 http fetch GET 200 https://registry.npmjs.org/@babel%2fplugin-transform-react-jsx-source 130ms (cache revalidated)
2043 silly packumentCache full:https://registry.npmjs.org/@babel%2fplugin-transform-react-jsx-source set size:200946 disposed:false
2044 silly fetch manifest @babel/plugin-syntax-nullish-coalescing-operator@^7.8.3
2045 silly packumentCache full:https://registry.npmjs.org/@babel%2fplugin-syntax-nullish-coalescing-operator cache-miss
2046 http fetch GET 200 https://registry.npmjs.org/@babel%2fplugin-syntax-optional-chaining 146ms (cache revalidated)
2047 silly packumentCache full:https://registry.npmjs.org/@babel%2fplugin-syntax-optional-chaining set size:82606 disposed:false
2048 silly fetch manifest @babel/plugin-transform-async-generator-functions@^7.25.4
2049 silly packumentCache full:https://registry.npmjs.org/@babel%2fplugin-transform-async-generator-functions cache-miss
2050 http fetch GET 200 https://registry.npmjs.org/@babel%2fplugin-transform-class-properties 141ms (cache revalidated)
2051 silly packumentCache full:https://registry.npmjs.org/@babel%2fplugin-transform-class-properties set size:68035 disposed:false
2052 silly fetch manifest @babel/plugin-transform-nullish-coalescing-operator@^7.24.7
2053 silly packumentCache full:https://registry.npmjs.org/@babel%2fplugin-transform-nullish-coalescing-operator cache-miss
2054 http fetch GET 200 https://registry.npmjs.org/@babel%2fplugin-transform-optional-chaining 132ms (cache revalidated)
2055 silly packumentCache full:https://registry.npmjs.org/@babel%2fplugin-transform-optional-chaining set size:88807 disposed:false
2056 silly fetch manifest @babel/plugin-transform-logical-assignment-operators@^7.24.7
2057 silly packumentCache full:https://registry.npmjs.org/@babel%2fplugin-transform-logical-assignment-operators cache-miss
2058 http fetch GET 200 https://registry.npmjs.org/@babel%2fplugin-transform-numeric-separator 136ms (cache revalidated)
2059 silly packumentCache full:https://registry.npmjs.org/@babel%2fplugin-transform-numeric-separator set size:71370 disposed:false
2060 silly fetch manifest @babel/plugin-transform-named-capturing-groups-regex@^7.24.7
2061 silly packumentCache full:https://registry.npmjs.org/@babel%2fplugin-transform-named-capturing-groups-regex cache-miss
2062 http fetch GET 200 https://registry.npmjs.org/@babel%2fplugin-transform-react-jsx-self 148ms (cache revalidated)
2063 silly packumentCache full:https://registry.npmjs.org/@babel%2fplugin-transform-react-jsx-self set size:195967 disposed:false
2064 silly fetch manifest @babel/plugin-syntax-flow@^7.12.1
2065 silly packumentCache full:https://registry.npmjs.org/@babel%2fplugin-syntax-flow cache-hit
2066 http fetch GET 200 https://registry.npmjs.org/@babel%2fplugin-transform-async-to-generator 132ms (cache revalidated)
2067 silly packumentCache full:https://registry.npmjs.org/@babel%2fplugin-transform-async-to-generator set size:221948 disposed:false
2068 http fetch GET 200 https://registry.npmjs.org/@react-native%2fbabel-plugin-codegen 214ms (cache updated)
2069 silly packumentCache full:https://registry.npmjs.org/@react-native%2fbabel-plugin-codegen set size:undefined disposed:false
2070 http fetch GET 200 https://registry.npmjs.org/@babel%2fplugin-transform-shorthand-properties 66ms (cache revalidated)
2071 silly packumentCache full:https://registry.npmjs.org/@babel%2fplugin-transform-shorthand-properties set size:183002 disposed:false
2072 http fetch GET 200 https://registry.npmjs.org/@babel%2fplugin-transform-async-generator-functions 64ms (cache revalidated)
2073 silly packumentCache full:https://registry.npmjs.org/@babel%2fplugin-transform-async-generator-functions set size:99592 disposed:false
2074 http fetch GET 200 https://registry.npmjs.org/@babel%2fplugin-syntax-nullish-coalescing-operator 66ms (cache revalidated)
2075 silly packumentCache full:https://registry.npmjs.org/@babel%2fplugin-syntax-nullish-coalescing-operator set size:85378 disposed:false
2076 http fetch GET 200 https://registry.npmjs.org/@babel%2fplugin-transform-computed-properties 74ms (cache revalidated)
2077 silly packumentCache full:https://registry.npmjs.org/@babel%2fplugin-transform-computed-properties set size:200561 disposed:false
2078 http fetch GET 200 https://registry.npmjs.org/@babel%2fplugin-transform-named-capturing-groups-regex 62ms (cache revalidated)
2079 silly packumentCache full:https://registry.npmjs.org/@babel%2fplugin-transform-named-capturing-groups-regex set size:168209 disposed:false
2080 http fetch GET 200 https://registry.npmjs.org/@babel%2fplugin-transform-logical-assignment-operators 64ms (cache revalidated)
2081 silly packumentCache full:https://registry.npmjs.org/@babel%2fplugin-transform-logical-assignment-operators set size:74754 disposed:false
2082 http fetch GET 200 https://registry.npmjs.org/@babel%2fplugin-transform-nullish-coalescing-operator 72ms (cache revalidated)
2083 silly packumentCache full:https://registry.npmjs.org/@babel%2fplugin-transform-nullish-coalescing-operator set size:74383 disposed:false
2084 http fetch GET 200 https://registry.npmjs.org/@babel%2fplugin-transform-optional-catch-binding 79ms (cache revalidated)
2085 silly packumentCache full:https://registry.npmjs.org/@babel%2fplugin-transform-optional-catch-binding set size:69161 disposed:false
2086 silly placeDep ROOT @babel/helper-create-class-features-plugin@7.28.3 OK for: @babel/plugin-proposal-decorators@7.28.0 want: ^7.27.1
2087 silly placeDep ROOT @babel/helper-plugin-utils@7.27.1 OK for: @babel/plugin-proposal-decorators@7.28.0 want: ^7.27.1
2088 silly placeDep ROOT @babel/plugin-syntax-decorators@7.27.1 OK for: @babel/plugin-proposal-decorators@7.28.0 want: ^7.27.1
2089 silly fetch manifest @babel/helper-replace-supers@^7.27.1
2090 silly packumentCache full:https://registry.npmjs.org/@babel%2fhelper-replace-supers cache-miss
2091 silly fetch manifest @babel/helper-annotate-as-pure@^7.27.3
2092 silly packumentCache full:https://registry.npmjs.org/@babel%2fhelper-annotate-as-pure cache-hit
2093 silly fetch manifest @babel/helper-optimise-call-expression@^7.27.1
2094 silly packumentCache full:https://registry.npmjs.org/@babel%2fhelper-optimise-call-expression cache-miss
2095 silly fetch manifest @babel/helper-member-expression-to-functions@^7.27.1
2096 silly packumentCache full:https://registry.npmjs.org/@babel%2fhelper-member-expression-to-functions cache-miss
2097 silly fetch manifest @babel/helper-skip-transparent-expression-wrappers@^7.27.1
2098 silly packumentCache full:https://registry.npmjs.org/@babel%2fhelper-skip-transparent-expression-wrappers cache-miss
2099 http fetch GET 200 https://registry.npmjs.org/@babel%2fhelper-replace-supers 104ms (cache revalidated)
2100 silly packumentCache full:https://registry.npmjs.org/@babel%2fhelper-replace-supers set size:245419 disposed:false
2101 http fetch GET 200 https://registry.npmjs.org/@babel%2fhelper-optimise-call-expression 105ms (cache revalidated)
2102 silly packumentCache full:https://registry.npmjs.org/@babel%2fhelper-optimise-call-expression set size:172720 disposed:false
2103 http fetch GET 200 https://registry.npmjs.org/@babel%2fhelper-skip-transparent-expression-wrappers 106ms (cache revalidated)
2104 silly packumentCache full:https://registry.npmjs.org/@babel%2fhelper-skip-transparent-expression-wrappers set size:85904 disposed:false
2105 http fetch GET 200 https://registry.npmjs.org/@babel%2fhelper-member-expression-to-functions 107ms (cache revalidated)
2106 silly packumentCache full:https://registry.npmjs.org/@babel%2fhelper-member-expression-to-functions set size:206841 disposed:false
2107 silly placeDep ROOT @babel/helper-annotate-as-pure@7.27.3 OK for: @babel/helper-create-class-features-plugin@7.28.3 want: ^7.27.3
2108 silly placeDep ROOT @babel/helper-member-expression-to-functions@7.27.1 OK for: @babel/helper-create-class-features-plugin@7.28.3 want: ^7.27.1
2109 silly placeDep ROOT @babel/helper-optimise-call-expression@7.27.1 OK for: @babel/helper-create-class-features-plugin@7.28.3 want: ^7.27.1
2110 silly placeDep ROOT @babel/helper-replace-supers@7.27.1 OK for: @babel/helper-create-class-features-plugin@7.28.3 want: ^7.27.1
2111 silly placeDep ROOT @babel/helper-skip-transparent-expression-wrappers@7.27.1 OK for: @babel/helper-create-class-features-plugin@7.28.3 want: ^7.27.1
2112 silly placeDep node_modules/@babel/helper-create-class-features-plugin semver@6.3.1 OK for: @babel/helper-create-class-features-plugin@7.28.3 want: ^6.3.1
2113 silly placeDep ROOT @babel/plugin-syntax-flow@7.27.1 OK for: @babel/plugin-transform-flow-strip-types@7.27.1 want: ^7.27.1
2114 silly placeDep ROOT @babel/plugin-transform-destructuring@7.28.0 OK for: @babel/plugin-transform-object-rest-spread@7.28.4 want: ^7.28.0
2115 silly placeDep ROOT babel-plugin-polyfill-corejs2@0.4.14 OK for: @babel/plugin-transform-runtime@7.28.3 want: ^0.4.14
2116 silly placeDep ROOT babel-plugin-polyfill-corejs3@0.13.0 OK for: @babel/plugin-transform-runtime@7.28.3 want: ^0.13.0
2117 silly placeDep ROOT babel-plugin-polyfill-regenerator@0.6.5 OK for: @babel/plugin-transform-runtime@7.28.3 want: ^0.6.5
2118 silly placeDep node_modules/@babel/plugin-transform-runtime semver@6.3.1 OK for: @babel/plugin-transform-runtime@7.28.3 want: ^6.3.1
2119 silly fetch manifest @babel/helper-define-polyfill-provider@^0.6.5
2120 silly packumentCache full:https://registry.npmjs.org/@babel%2fhelper-define-polyfill-provider cache-miss
2121 silly fetch manifest @babel/helper-define-polyfill-provider@^0.6.5
2122 silly packumentCache full:https://registry.npmjs.org/@babel%2fhelper-define-polyfill-provider cache-miss
2123 silly fetch manifest core-js-compat@^3.43.0
2124 silly packumentCache full:https://registry.npmjs.org/core-js-compat cache-miss
2125 silly fetch manifest @babel/helper-define-polyfill-provider@^0.6.5
2126 silly packumentCache full:https://registry.npmjs.org/@babel%2fhelper-define-polyfill-provider cache-miss
2127 http fetch GET 200 https://registry.npmjs.org/core-js-compat 53ms (cache updated)
2128 silly packumentCache full:https://registry.npmjs.org/core-js-compat set size:undefined disposed:false
2129 http fetch GET 200 https://registry.npmjs.org/@babel%2fhelper-define-polyfill-provider 57ms (cache revalidated)
2130 silly packumentCache full:https://registry.npmjs.org/@babel%2fhelper-define-polyfill-provider set size:103853 disposed:false
2131 http fetch GET 200 https://registry.npmjs.org/@babel%2fhelper-define-polyfill-provider 64ms (cache revalidated)
2132 silly packumentCache full:https://registry.npmjs.org/@babel%2fhelper-define-polyfill-provider set size:103853 disposed:false
2133 silly packumentCache full:https://registry.npmjs.org/@babel%2fhelper-define-polyfill-provider dispose
2134 http fetch GET 200 https://registry.npmjs.org/@babel%2fhelper-define-polyfill-provider 64ms (cache revalidated)
2135 silly packumentCache full:https://registry.npmjs.org/@babel%2fhelper-define-polyfill-provider set size:103853 disposed:true
2136 silly packumentCache full:https://registry.npmjs.org/@babel%2fhelper-define-polyfill-provider dispose
2137 silly placeDep ROOT @babel/plugin-transform-react-display-name@7.28.0 OK for: @babel/preset-react@7.27.1 want: ^7.27.1
2138 silly placeDep ROOT @babel/plugin-transform-react-jsx@7.27.1 OK for: @babel/preset-react@7.27.1 want: ^7.27.1
2139 silly placeDep ROOT @babel/plugin-transform-react-jsx-development@7.27.1 OK for: @babel/preset-react@7.27.1 want: ^7.27.1
2140 silly placeDep ROOT @babel/plugin-transform-react-pure-annotations@7.27.1 OK for: @babel/preset-react@7.27.1 want: ^7.27.1
2141 silly placeDep ROOT @babel/plugin-syntax-jsx@7.27.1 OK for: @babel/plugin-transform-react-jsx@7.27.1 want: ^7.27.1
2142 silly placeDep ROOT @babel/plugin-transform-typescript@7.28.0 OK for: @babel/preset-typescript@7.27.1 want: ^7.27.1
2143 silly fetch manifest @babel/plugin-syntax-typescript@^7.27.1
2144 silly packumentCache full:https://registry.npmjs.org/@babel%2fplugin-syntax-typescript cache-miss
2145 http fetch GET 200 https://registry.npmjs.org/@babel%2fplugin-syntax-typescript 55ms (cache revalidated)
2146 silly packumentCache full:https://registry.npmjs.org/@babel%2fplugin-syntax-typescript set size:194146 disposed:false
2147 silly placeDep ROOT @babel/plugin-syntax-typescript@7.27.1 OK for: @babel/plugin-transform-typescript@7.28.0 want: ^7.27.1
2148 silly placeDep ROOT @babel/plugin-syntax-dynamic-import@7.8.3 OK for: @react-native/babel-preset@0.81.4 want: ^7.8.3
2149 silly placeDep ROOT @babel/plugin-syntax-nullish-coalescing-operator@7.8.3 OK for: @react-native/babel-preset@0.81.4 want: ^7.8.3
2150 silly placeDep ROOT @babel/plugin-syntax-optional-chaining@7.8.3 OK for: @react-native/babel-preset@0.81.4 want: ^7.8.3
2151 silly placeDep ROOT @babel/plugin-transform-arrow-functions@7.27.1 OK for: @react-native/babel-preset@0.81.4 want: ^7.24.7
2152 silly placeDep ROOT @babel/plugin-transform-async-generator-functions@7.28.0 OK for: @react-native/babel-preset@0.81.4 want: ^7.25.4
2153 silly placeDep ROOT @babel/plugin-transform-async-to-generator@7.27.1 OK for: @react-native/babel-preset@0.81.4 want: ^7.24.7
2154 silly placeDep ROOT @babel/plugin-transform-block-scoping@7.28.4 OK for: @react-native/babel-preset@0.81.4 want: ^7.25.0
2155 silly placeDep ROOT @babel/plugin-transform-class-properties@7.27.1 OK for: @react-native/babel-preset@0.81.4 want: ^7.25.4
2156 silly placeDep ROOT @babel/plugin-transform-classes@7.28.4 OK for: @react-native/babel-preset@0.81.4 want: ^7.25.4
2157 silly placeDep ROOT @babel/plugin-transform-computed-properties@7.27.1 OK for: @react-native/babel-preset@0.81.4 want: ^7.24.7
2158 silly placeDep ROOT @babel/plugin-transform-for-of@7.27.1 OK for: @react-native/babel-preset@0.81.4 want: ^7.24.7
2159 silly placeDep ROOT @babel/plugin-transform-function-name@7.27.1 OK for: @react-native/babel-preset@0.81.4 want: ^7.25.1
2160 silly placeDep ROOT @babel/plugin-transform-literals@7.27.1 OK for: @react-native/babel-preset@0.81.4 want: ^7.25.2
2161 silly placeDep ROOT @babel/plugin-transform-logical-assignment-operators@7.27.1 OK for: @react-native/babel-preset@0.81.4 want: ^7.24.7
2162 silly placeDep ROOT @babel/plugin-transform-named-capturing-groups-regex@7.27.1 OK for: @react-native/babel-preset@0.81.4 want: ^7.24.7
2163 silly placeDep ROOT @babel/plugin-transform-nullish-coalescing-operator@7.27.1 OK for: @react-native/babel-preset@0.81.4 want: ^7.24.7
2164 silly placeDep ROOT @babel/plugin-transform-numeric-separator@7.27.1 OK for: @react-native/babel-preset@0.81.4 want: ^7.24.7
2165 silly placeDep ROOT @babel/plugin-transform-optional-catch-binding@7.27.1 OK for: @react-native/babel-preset@0.81.4 want: ^7.24.7
2166 silly placeDep ROOT @babel/plugin-transform-optional-chaining@7.27.1 OK for: @react-native/babel-preset@0.81.4 want: ^7.24.8
2167 silly placeDep ROOT @babel/plugin-transform-react-jsx-self@7.27.1 OK for: @react-native/babel-preset@0.81.4 want: ^7.24.7
2168 silly placeDep ROOT @babel/plugin-transform-react-jsx-source@7.27.1 OK for: @react-native/babel-preset@0.81.4 want: ^7.24.7
2169 silly placeDep ROOT @babel/plugin-transform-regenerator@7.28.4 OK for: @react-native/babel-preset@0.81.4 want: ^7.24.7
2170 silly placeDep ROOT @babel/plugin-transform-shorthand-properties@7.27.1 OK for: @react-native/babel-preset@0.81.4 want: ^7.24.7
2171 silly placeDep ROOT @babel/plugin-transform-spread@7.27.1 OK for: @react-native/babel-preset@0.81.4 want: ^7.24.7
2172 silly placeDep ROOT @babel/plugin-transform-sticky-regex@7.27.1 OK for: @react-native/babel-preset@0.81.4 want: ^7.24.7
2173 silly placeDep ROOT @babel/plugin-transform-unicode-regex@7.27.1 OK for: @react-native/babel-preset@0.81.4 want: ^7.24.7
2174 silly placeDep ROOT @react-native/babel-plugin-codegen@0.81.4 OK for: @react-native/babel-preset@0.81.4 want: 0.81.4
2175 silly fetch manifest @babel/helper-remap-async-to-generator@^7.27.1
2176 silly packumentCache full:https://registry.npmjs.org/@babel%2fhelper-remap-async-to-generator cache-miss
2177 silly fetch manifest @babel/helper-remap-async-to-generator@^7.27.1
2178 silly packumentCache full:https://registry.npmjs.org/@babel%2fhelper-remap-async-to-generator cache-miss
2179 silly fetch manifest @babel/helper-create-regexp-features-plugin@^7.27.1
2180 silly packumentCache full:https://registry.npmjs.org/@babel%2fhelper-create-regexp-features-plugin cache-miss
2181 silly fetch manifest @babel/helper-create-regexp-features-plugin@^7.27.1
2182 silly packumentCache full:https://registry.npmjs.org/@babel%2fhelper-create-regexp-features-plugin cache-miss
2183 silly fetch manifest @react-native/codegen@0.81.4
2184 silly packumentCache full:https://registry.npmjs.org/@react-native%2fcodegen cache-miss
2185 http fetch GET 200 https://registry.npmjs.org/@react-native%2fcodegen 7ms (cache hit)
2186 silly packumentCache full:https://registry.npmjs.org/@react-native%2fcodegen set size:2271470 disposed:false
2187 http fetch GET 200 https://registry.npmjs.org/@babel%2fhelper-create-regexp-features-plugin 55ms (cache revalidated)
2188 silly packumentCache full:https://registry.npmjs.org/@babel%2fhelper-create-regexp-features-plugin set size:163675 disposed:false
2189 http fetch GET 200 https://registry.npmjs.org/@babel%2fhelper-create-regexp-features-plugin 58ms (cache revalidated)
2190 silly packumentCache full:https://registry.npmjs.org/@babel%2fhelper-create-regexp-features-plugin set size:163675 disposed:false
2191 silly packumentCache full:https://registry.npmjs.org/@babel%2fhelper-create-regexp-features-plugin dispose
2192 http fetch GET 200 https://registry.npmjs.org/@babel%2fhelper-remap-async-to-generator 60ms (cache revalidated)
2193 silly packumentCache full:https://registry.npmjs.org/@babel%2fhelper-remap-async-to-generator set size:206994 disposed:false
2194 http fetch GET 200 https://registry.npmjs.org/@babel%2fhelper-remap-async-to-generator 61ms (cache revalidated)
2195 silly packumentCache full:https://registry.npmjs.org/@babel%2fhelper-remap-async-to-generator set size:206994 disposed:false
2196 silly packumentCache full:https://registry.npmjs.org/@babel%2fhelper-remap-async-to-generator dispose
2197 silly placeDep ROOT @babel/helper-remap-async-to-generator@7.27.1 OK for: @babel/plugin-transform-async-generator-functions@7.28.0 want: ^7.27.1
2198 silly fetch manifest @babel/helper-wrap-function@^7.27.1
2199 silly packumentCache full:https://registry.npmjs.org/@babel%2fhelper-wrap-function cache-miss
2200 http fetch GET 200 https://registry.npmjs.org/@babel%2fhelper-wrap-function 100ms (cache revalidated)
2201 silly packumentCache full:https://registry.npmjs.org/@babel%2fhelper-wrap-function set size:203761 disposed:false
2202 silly placeDep ROOT @babel/helper-wrap-function@7.28.3 OK for: @babel/helper-remap-async-to-generator@7.27.1 want: ^7.27.1
2203 silly placeDep ROOT @babel/helper-create-regexp-features-plugin@7.27.1 OK for: @babel/plugin-transform-named-capturing-groups-regex@7.27.1 want: ^7.27.1
2204 silly fetch manifest regexpu-core@^6.2.0
2205 silly packumentCache full:https://registry.npmjs.org/regexpu-core cache-miss
2206 http fetch GET 200 https://registry.npmjs.org/regexpu-core 50ms (cache revalidated)
2207 silly packumentCache full:https://registry.npmjs.org/regexpu-core set size:156240 disposed:false
2208 silly placeDep ROOT regexpu-core@6.4.0 OK for: @babel/helper-create-regexp-features-plugin@7.27.1 want: ^6.2.0
2209 silly placeDep node_modules/@babel/helper-create-regexp-features-plugin semver@6.3.1 OK for: @babel/helper-create-regexp-features-plugin@7.27.1 want: ^6.3.1
2210 silly fetch manifest regenerate@^1.4.2
2211 silly packumentCache full:https://registry.npmjs.org/regenerate cache-miss
2212 silly fetch manifest regenerate-unicode-properties@^10.2.2
2213 silly packumentCache full:https://registry.npmjs.org/regenerate-unicode-properties cache-miss
2214 silly fetch manifest regjsgen@^0.8.0
2215 silly packumentCache full:https://registry.npmjs.org/regjsgen cache-miss
2216 silly fetch manifest regjsparser@^0.13.0
2217 silly packumentCache full:https://registry.npmjs.org/regjsparser cache-miss
2218 silly fetch manifest unicode-match-property-ecmascript@^2.0.0
2219 silly packumentCache full:https://registry.npmjs.org/unicode-match-property-ecmascript cache-miss
2220 silly fetch manifest unicode-match-property-value-ecmascript@^2.2.1
2221 silly packumentCache full:https://registry.npmjs.org/unicode-match-property-value-ecmascript cache-miss
2222 http fetch GET 200 https://registry.npmjs.org/regjsgen 147ms (cache revalidated)
2223 silly packumentCache full:https://registry.npmjs.org/regjsgen set size:26409 disposed:false
2224 http fetch GET 200 https://registry.npmjs.org/unicode-match-property-value-ecmascript 147ms (cache revalidated)
2225 silly packumentCache full:https://registry.npmjs.org/unicode-match-property-value-ecmascript set size:26439 disposed:false
2226 http fetch GET 200 https://registry.npmjs.org/regjsparser 148ms (cache revalidated)
2227 silly packumentCache full:https://registry.npmjs.org/regjsparser set size:81745 disposed:false
2228 http fetch GET 200 https://registry.npmjs.org/regenerate-unicode-properties 149ms (cache revalidated)
2229 silly packumentCache full:https://registry.npmjs.org/regenerate-unicode-properties set size:78166 disposed:false
2230 http fetch GET 200 https://registry.npmjs.org/unicode-match-property-ecmascript 149ms (cache revalidated)
2231 silly packumentCache full:https://registry.npmjs.org/unicode-match-property-ecmascript set size:16934 disposed:false
2232 http fetch GET 200 https://registry.npmjs.org/regenerate 151ms (cache revalidated)
2233 silly packumentCache full:https://registry.npmjs.org/regenerate set size:56872 disposed:false
2234 silly placeDep ROOT @react-native/codegen@0.81.4 OK for: @react-native/babel-plugin-codegen@0.81.4 want: 0.81.4
2235 silly placeDep node_modules/@react-native/codegen glob@7.2.3 OK for: @react-native/codegen@0.81.4 want: ^7.1.1
2236 silly placeDep ROOT yargs@17.7.2 OK for: @react-native/codegen@0.81.4 want: ^17.6.2
2237 silly fetch manifest once@^1.3.0
2238 silly packumentCache full:https://registry.npmjs.org/once cache-miss
2239 silly fetch manifest inflight@^1.0.4
2240 silly packumentCache full:https://registry.npmjs.org/inflight cache-miss
2241 silly fetch manifest inherits@2
2242 silly packumentCache full:https://registry.npmjs.org/inherits cache-miss
2243 silly fetch manifest minimatch@^3.1.1
2244 silly packumentCache full:https://registry.npmjs.org/minimatch cache-hit
2245 silly fetch manifest fs.realpath@^1.0.0
2246 silly packumentCache full:https://registry.npmjs.org/fs.realpath cache-miss
2247 silly fetch manifest path-is-absolute@^1.0.0
2248 silly packumentCache full:https://registry.npmjs.org/path-is-absolute cache-miss
2249 silly fetch manifest y18n@^5.0.5
2250 silly packumentCache full:https://registry.npmjs.org/y18n cache-miss
2251 silly fetch manifest cliui@^8.0.1
2252 silly packumentCache full:https://registry.npmjs.org/cliui cache-miss
2253 silly fetch manifest escalade@^3.1.1
2254 silly packumentCache full:https://registry.npmjs.org/escalade cache-miss
2255 silly fetch manifest string-width@^4.2.3
2256 silly packumentCache full:https://registry.npmjs.org/string-width cache-hit
2257 silly fetch manifest yargs-parser@^21.1.1
2258 silly packumentCache full:https://registry.npmjs.org/yargs-parser cache-miss
2259 silly fetch manifest get-caller-file@^2.0.5
2260 silly packumentCache full:https://registry.npmjs.org/get-caller-file cache-miss
2261 silly fetch manifest require-directory@^2.1.1
2262 silly packumentCache full:https://registry.npmjs.org/require-directory cache-miss
2263 http fetch GET 200 https://registry.npmjs.org/fs.realpath 49ms (cache revalidated)
2264 silly packumentCache full:https://registry.npmjs.org/fs.realpath set size:4806 disposed:false
2265 http fetch GET 200 https://registry.npmjs.org/escalade 48ms (cache revalidated)
2266 silly packumentCache full:https://registry.npmjs.org/escalade set size:33724 disposed:false
2267 http fetch GET 200 https://registry.npmjs.org/require-directory 48ms (cache revalidated)
2268 silly packumentCache full:https://registry.npmjs.org/require-directory set size:26866 disposed:false
2269 http fetch GET 200 https://registry.npmjs.org/cliui 52ms (cache revalidated)
2270 silly packumentCache full:https://registry.npmjs.org/cliui set size:69089 disposed:false
2271 http fetch GET 200 https://registry.npmjs.org/path-is-absolute 56ms (cache revalidated)
2272 silly packumentCache full:https://registry.npmjs.org/path-is-absolute set size:8253 disposed:false
2273 http fetch GET 200 https://registry.npmjs.org/inherits 57ms (cache revalidated)
2274 silly packumentCache full:https://registry.npmjs.org/inherits set size:12925 disposed:false
2275 http fetch GET 200 https://registry.npmjs.org/y18n 57ms (cache revalidated)
2276 silly packumentCache full:https://registry.npmjs.org/y18n set size:76155 disposed:false
2277 http fetch GET 200 https://registry.npmjs.org/inflight 59ms (cache revalidated)
2278 silly packumentCache full:https://registry.npmjs.org/inflight set size:13140 disposed:false
2279 http fetch GET 200 https://registry.npmjs.org/yargs-parser 64ms (cache revalidated)
2280 silly packumentCache full:https://registry.npmjs.org/yargs-parser set size:238630 disposed:false
2281 http fetch GET 200 https://registry.npmjs.org/get-caller-file 81ms (cache revalidated)
2282 silly packumentCache full:https://registry.npmjs.org/get-caller-file set size:26456 disposed:false
2283 http fetch GET 200 https://registry.npmjs.org/once 94ms (cache revalidated)
2284 silly packumentCache full:https://registry.npmjs.org/once set size:11768 disposed:false
2285 silly fetch manifest @babel/core@^7.4.0 || ^8.0.0-0 <8.0.0
2286 silly packumentCache full:https://registry.npmjs.org/@babel%2fcore cache-hit
2287 silly placeDep ROOT @babel/helper-define-polyfill-provider@0.6.5 OK for: babel-plugin-polyfill-corejs2@0.4.14 want: ^0.6.5
2288 silly placeDep node_modules/babel-plugin-polyfill-corejs2 semver@6.3.1 OK for: babel-plugin-polyfill-corejs2@0.4.14 want: ^6.3.1
2289 silly fetch manifest lodash.debounce@^4.0.8
2290 silly packumentCache full:https://registry.npmjs.org/lodash.debounce cache-miss
2291 http fetch GET 200 https://registry.npmjs.org/lodash.debounce 50ms (cache revalidated)
2292 silly packumentCache full:https://registry.npmjs.org/lodash.debounce set size:44123 disposed:false
2293 silly placeDep ROOT lodash.debounce@4.0.8 OK for: @babel/helper-define-polyfill-provider@0.6.5 want: ^4.0.8
2294 silly placeDep ROOT core-js-compat@3.46.0 OK for: babel-plugin-polyfill-corejs3@0.13.0 want: ^3.43.0
2295 silly placeDep node_modules/better-opn open@8.4.2 OK for: better-opn@3.0.2 want: ^8.0.4
2296 silly fetch manifest is-docker@^2.1.1
2297 silly packumentCache full:https://registry.npmjs.org/is-docker cache-hit
2298 silly fetch manifest define-lazy-prop@^2.0.0
2299 silly packumentCache full:https://registry.npmjs.org/define-lazy-prop cache-miss
2300 http fetch GET 200 https://registry.npmjs.org/define-lazy-prop 49ms (cache revalidated)
2301 silly packumentCache full:https://registry.npmjs.org/define-lazy-prop set size:9337 disposed:false
2302 silly placeDep ROOT stream-buffers@2.2.0 OK for: bplist-creator@0.1.0 want: 2.2.x
2303 silly placeDep ROOT big-integer@1.6.52 OK for: bplist-parser@0.3.2 want: 1.6.x
2304 silly fetch manifest browserslist@>= 4.21.0
2305 silly packumentCache full:https://registry.npmjs.org/browserslist cache-hit
2306 silly placeDep ROOT baseline-browser-mapping@2.8.15 OK for: browserslist@4.26.3 want: ^2.8.9
2307 silly placeDep ROOT caniuse-lite@1.0.30001749 OK for: browserslist@4.26.3 want: ^1.0.30001746
2308 silly placeDep ROOT electron-to-chromium@1.5.234 OK for: browserslist@4.26.3 want: ^1.5.227
2309 silly placeDep ROOT node-releases@2.0.23 OK for: browserslist@4.26.3 want: ^2.0.21
2310 silly placeDep ROOT update-browserslist-db@1.1.3 OK for: browserslist@4.26.3 want: ^1.1.3
2311 silly fetch manifest escalade@^3.2.0
2312 silly packumentCache full:https://registry.npmjs.org/escalade cache-hit
2313 silly placeDep ROOT ansi-styles@4.3.0 OK for: chalk@4.1.2 want: ^4.1.0
2314 silly placeDep ROOT supports-color@7.2.0 OK for: chalk@4.1.2 want: ^7.1.0
2315 silly fetch manifest color-convert@^2.0.1
2316 silly packumentCache full:https://registry.npmjs.org/color-convert cache-miss
2317 silly fetch manifest has-flag@^4.0.0
2318 silly packumentCache full:https://registry.npmjs.org/has-flag cache-miss
2319 http fetch GET 200 https://registry.npmjs.org/has-flag 102ms (cache revalidated)
2320 silly packumentCache full:https://registry.npmjs.org/has-flag set size:15180 disposed:false
2321 http fetch GET 200 https://registry.npmjs.org/color-convert 104ms (cache revalidated)
2322 silly packumentCache full:https://registry.npmjs.org/color-convert set size:70744 disposed:false
2323 silly placeDep ROOT color-convert@2.0.1 OK for: ansi-styles@4.3.0 want: ^2.0.1
2324 silly fetch manifest color-name@~1.1.4
2325 silly packumentCache full:https://registry.npmjs.org/color-name cache-miss
2326 http fetch GET 200 https://registry.npmjs.org/color-name 45ms (cache revalidated)
2327 silly packumentCache full:https://registry.npmjs.org/color-name set size:17921 disposed:false
2328 silly placeDep ROOT @types/node@24.7.1 OK for: chrome-launcher@0.15.2 want: *
2329 silly placeDep ROOT escape-string-regexp@4.0.0 OK for: chrome-launcher@0.15.2 want: ^4.0.0
2330 silly placeDep ROOT is-wsl@2.2.0 OK for: chrome-launcher@0.15.2 want: ^2.2.0
2331 silly placeDep ROOT lighthouse-logger@1.4.2 OK for: chrome-launcher@0.15.2 want: ^1.0.0
2332 silly fetch manifest undici-types@~7.14.0
2333 silly packumentCache full:https://registry.npmjs.org/undici-types cache-miss
2334 silly fetch manifest debug@^2.6.9
2335 silly packumentCache full:https://registry.npmjs.org/debug cache-hit
2336 silly fetch manifest marky@^1.2.2
2337 silly packumentCache full:https://registry.npmjs.org/marky cache-miss
2338 http fetch GET 200 https://registry.npmjs.org/marky 41ms (cache revalidated)
2339 silly packumentCache full:https://registry.npmjs.org/marky set size:45300 disposed:false
2340 http fetch GET 200 https://registry.npmjs.org/undici-types 164ms (cache revalidated)
2341 silly packumentCache full:https://registry.npmjs.org/undici-types set size:148959 disposed:false
2342 silly placeDep ROOT undici-types@7.14.0 OK for: @types/node@24.7.1 want: ~7.14.0
2343 silly placeDep ROOT mkdirp@1.0.4 OK for: chromium-edge-launcher@0.2.0 want: ^1.0.4
2344 silly placeDep ROOT rimraf@3.0.2 OK for: chromium-edge-launcher@0.2.0 want: ^3.0.2
2345 silly fetch manifest glob@^7.1.3
2346 silly packumentCache full:https://registry.npmjs.org/glob cache-hit
2347 silly placeDep ROOT color-name@1.1.4 OK for: color-convert@2.0.1 want: ~1.1.4
2348 silly placeDep ROOT bytes@3.1.2 OK for: compression@1.8.1 want: 3.1.2
2349 silly placeDep ROOT compressible@2.0.18 OK for: compression@1.8.1 want: ~2.0.18
2350 silly placeDep node_modules/compression debug@2.6.9 OK for: compression@1.8.1 want: 2.6.9
2351 silly placeDep node_modules/compression negotiator@0.6.4 OK for: compression@1.8.1 want: ~0.6.4
2352 silly placeDep ROOT on-headers@1.1.0 OK for: compression@1.8.1 want: ~1.1.0
2353 silly placeDep ROOT safe-buffer@5.2.1 OK for: compression@1.8.1 want: 5.2.1
2354 silly placeDep ROOT vary@1.1.2 OK for: compression@1.8.1 want: ~1.1.2
2355 silly fetch manifest mime-db@>= 1.43.0 < 2
2356 silly packumentCache full:https://registry.npmjs.org/mime-db cache-hit
2357 silly fetch manifest ms@2.0.0
2358 silly packumentCache full:https://registry.npmjs.org/ms cache-hit
2359 silly placeDep ROOT mime-db@1.54.0 OK for: compressible@2.0.18 want: >= 1.43.0 < 2
2360 silly placeDep node_modules/connect debug@2.6.9 OK for: connect@3.7.0 want: 2.6.9
2361 silly placeDep ROOT finalhandler@1.1.2 OK for: connect@3.7.0 want: 1.1.2
2362 silly placeDep ROOT parseurl@1.3.3 OK for: connect@3.7.0 want: ~1.3.3
2363 silly placeDep ROOT utils-merge@1.0.1 OK for: connect@3.7.0 want: 1.0.1
2364 silly fetch manifest unpipe@~1.0.0
2365 silly packumentCache full:https://registry.npmjs.org/unpipe cache-miss
2366 silly fetch manifest statuses@~1.5.0
2367 silly packumentCache full:https://registry.npmjs.org/statuses cache-hit
2368 silly fetch manifest encodeurl@~1.0.2
2369 silly packumentCache full:https://registry.npmjs.org/encodeurl cache-hit
2370 silly fetch manifest on-finished@~2.3.0
2371 silly packumentCache full:https://registry.npmjs.org/on-finished cache-hit
2372 http fetch GET 200 https://registry.npmjs.org/unpipe 49ms (cache revalidated)
2373 silly packumentCache full:https://registry.npmjs.org/unpipe set size:3537 disposed:false
2374 silly placeDep ROOT path-key@3.1.1 OK for: cross-spawn@7.0.6 want: ^3.1.0
2375 silly placeDep ROOT shebang-command@2.0.0 OK for: cross-spawn@7.0.6 want: ^2.0.0
2376 silly placeDep ROOT which@2.0.2 OK for: cross-spawn@7.0.6 want: ^2.0.1
2377 silly fetch manifest shebang-regex@^3.0.0
2378 silly packumentCache full:https://registry.npmjs.org/shebang-regex cache-miss
2379 silly fetch manifest isexe@^2.0.0
2380 silly packumentCache full:https://registry.npmjs.org/isexe cache-miss
2381 http fetch GET 200 https://registry.npmjs.org/isexe 45ms (cache revalidated)
2382 silly packumentCache full:https://registry.npmjs.org/isexe set size:19340 disposed:false
2383 http fetch GET 200 https://registry.npmjs.org/shebang-regex 58ms (cache revalidated)
2384 silly packumentCache full:https://registry.npmjs.org/shebang-regex set size:9763 disposed:false
2385 silly placeDep ROOT ms@2.1.3 OK for: debug@4.4.3 want: ^2.1.3
2386 silly placeDep ROOT fontfaceobserver@2.3.0 OK for: expo-font@14.0.9 want: ^2.1.0
2387 silly placeDep ROOT commander@7.2.0 OK for: expo-modules-autolinking@3.0.15 want: ^7.2.0
2388 silly placeDep node_modules/finalhandler debug@2.6.9 OK for: finalhandler@1.1.2 want: 2.6.9
2389 silly placeDep ROOT encodeurl@1.0.2 OK for: finalhandler@1.1.2 want: ~1.0.2
2390 silly placeDep ROOT escape-html@1.0.3 OK for: finalhandler@1.1.2 want: ~1.0.3
2391 silly placeDep ROOT on-finished@2.3.0 OK for: finalhandler@1.1.2 want: ~2.3.0
2392 silly placeDep ROOT statuses@1.5.0 OK for: finalhandler@1.1.2 want: ~1.5.0
2393 silly placeDep ROOT unpipe@1.0.0 OK for: finalhandler@1.1.2 want: ~1.0.0
2394 silly fetch manifest ee-first@1.1.1
2395 silly packumentCache full:https://registry.npmjs.org/ee-first cache-miss
2396 http fetch GET 200 https://registry.npmjs.org/ee-first 44ms (cache revalidated)
2397 silly packumentCache full:https://registry.npmjs.org/ee-first set size:15327 disposed:false
2398 silly placeDep ROOT locate-path@6.0.0 OK for: find-up@5.0.0 want: ^6.0.0
2399 silly placeDep ROOT path-exists@4.0.0 OK for: find-up@5.0.0 want: ^4.0.0
2400 silly fetch manifest p-locate@^5.0.0
2401 silly packumentCache full:https://registry.npmjs.org/p-locate cache-miss
2402 http fetch GET 200 https://registry.npmjs.org/p-locate 135ms (cache revalidated)
2403 silly packumentCache full:https://registry.npmjs.org/p-locate set size:20789 disposed:false
2404 silly placeDep ROOT foreground-child@3.3.1 OK for: glob@10.4.5 want: ^3.1.0
2405 silly placeDep ROOT jackspeak@3.4.3 OK for: glob@10.4.5 want: ^3.1.2
2406 silly placeDep ROOT minipass@7.1.2 OK for: glob@10.4.5 want: ^7.1.2
2407 silly placeDep ROOT package-json-from-dist@1.0.1 OK for: glob@10.4.5 want: ^1.0.0
2408 silly placeDep ROOT path-scurry@1.11.1 OK for: glob@10.4.5 want: ^1.11.1
2409 silly fetch manifest signal-exit@^4.0.1
2410 silly packumentCache full:https://registry.npmjs.org/signal-exit cache-miss
2411 silly fetch manifest @isaacs/cliui@^8.0.2
2412 silly packumentCache full:https://registry.npmjs.org/@isaacs%2fcliui cache-miss
2413 silly fetch manifest @pkgjs/parseargs@^0.11.0
2414 silly packumentCache full:https://registry.npmjs.org/@pkgjs%2fparseargs cache-miss
2415 silly fetch manifest lru-cache@^10.2.0
2416 silly packumentCache full:https://registry.npmjs.org/lru-cache cache-hit
2417 http fetch GET 200 https://registry.npmjs.org/signal-exit 53ms (cache revalidated)
2418 silly packumentCache full:https://registry.npmjs.org/signal-exit set size:53489 disposed:false
2419 http fetch GET 200 https://registry.npmjs.org/@pkgjs%2fparseargs 61ms (cache revalidated)
2420 silly packumentCache full:https://registry.npmjs.org/@pkgjs%2fparseargs set size:51085 disposed:false
2421 http fetch GET 200 https://registry.npmjs.org/@isaacs%2fcliui 81ms (cache revalidated)
2422 silly packumentCache full:https://registry.npmjs.org/@isaacs%2fcliui set size:7676 disposed:false
2423 silly placeDep ROOT signal-exit@4.1.0 OK for: foreground-child@3.3.1 want: ^4.0.1
2424 silly placeDep ROOT hermes-estree@0.29.1 OK for: hermes-parser@0.29.1 want: 0.29.1
2425 silly placeDep ROOT loose-envify@1.4.0 OK for: invariant@2.2.4 want: ^1.0.0
2426 silly placeDep ROOT is-docker@2.2.1 OK for: is-wsl@2.2.0 want: ^2.0.0
2427 silly placeDep ROOT @isaacs/cliui@8.0.2 OK for: jackspeak@3.4.3 want: ^8.0.2
2428 silly placeDep ROOT @pkgjs/parseargs@0.11.0 OK for: jackspeak@3.4.3 want: ^0.11.0
2429 silly fetch manifest string-width@^5.1.2
2430 silly packumentCache full:https://registry.npmjs.org/string-width cache-hit
2431 silly fetch manifest string-width-cjs@npm:string-width@^4.2.0
2432 silly packumentCache full:https://registry.npmjs.org/string-width cache-hit
2433 silly fetch manifest strip-ansi@^7.0.1
2434 silly packumentCache full:https://registry.npmjs.org/strip-ansi cache-hit
2435 silly fetch manifest strip-ansi-cjs@npm:strip-ansi@^6.0.1
2436 silly packumentCache full:https://registry.npmjs.org/strip-ansi cache-hit
2437 silly fetch manifest wrap-ansi@^8.1.0
2438 silly packumentCache full:https://registry.npmjs.org/wrap-ansi cache-hit
2439 silly fetch manifest wrap-ansi-cjs@npm:wrap-ansi@^7.0.0
2440 silly packumentCache full:https://registry.npmjs.org/wrap-ansi cache-hit
2441 silly placeDep ROOT string-width@5.1.2 OK for: @isaacs/cliui@8.0.2 want: ^5.1.2
2442 silly placeDep ROOT string-width-cjs@4.2.3 OK for: @isaacs/cliui@8.0.2 want: npm:string-width@^4.2.0
2443 silly placeDep ROOT strip-ansi@7.1.2 OK for: @isaacs/cliui@8.0.2 want: ^7.0.1
2444 silly placeDep ROOT strip-ansi-cjs@6.0.1 OK for: @isaacs/cliui@8.0.2 want: npm:strip-ansi@^6.0.1
2445 silly placeDep node_modules/@isaacs/cliui wrap-ansi@8.1.0 OK for: @isaacs/cliui@8.0.2 want: ^8.1.0
2446 silly placeDep ROOT wrap-ansi-cjs@7.0.0 OK for: @isaacs/cliui@8.0.2 want: npm:wrap-ansi@^7.0.0
2447 silly fetch manifest emoji-regex@^9.2.2
2448 silly packumentCache full:https://registry.npmjs.org/emoji-regex cache-miss
2449 silly fetch manifest eastasianwidth@^0.2.0
2450 silly packumentCache full:https://registry.npmjs.org/eastasianwidth cache-miss
2451 silly fetch manifest strip-ansi@^6.0.1
2452 silly packumentCache full:https://registry.npmjs.org/strip-ansi cache-hit
2453 silly fetch manifest emoji-regex@^8.0.0
2454 silly packumentCache full:https://registry.npmjs.org/emoji-regex cache-miss
2455 silly fetch manifest is-fullwidth-code-point@^3.0.0
2456 silly packumentCache full:https://registry.npmjs.org/is-fullwidth-code-point cache-miss
2457 silly fetch manifest ansi-regex@^6.0.1
2458 silly packumentCache full:https://registry.npmjs.org/ansi-regex cache-hit
2459 silly fetch manifest ansi-regex@^5.0.1
2460 silly packumentCache full:https://registry.npmjs.org/ansi-regex cache-hit
2461 silly fetch manifest ansi-styles@^6.1.0
2462 silly packumentCache full:https://registry.npmjs.org/ansi-styles cache-hit
2463 http fetch GET 200 https://registry.npmjs.org/emoji-regex 134ms (cache revalidated)
2464 silly packumentCache full:https://registry.npmjs.org/emoji-regex set size:87013 disposed:false
2465 http fetch GET 200 https://registry.npmjs.org/emoji-regex 136ms (cache revalidated)
2466 silly packumentCache full:https://registry.npmjs.org/emoji-regex set size:87013 disposed:false
2467 silly packumentCache full:https://registry.npmjs.org/emoji-regex dispose
2468 http fetch GET 200 https://registry.npmjs.org/eastasianwidth 137ms (cache revalidated)
2469 silly packumentCache full:https://registry.npmjs.org/eastasianwidth set size:7890 disposed:false
2470 http fetch GET 200 https://registry.npmjs.org/is-fullwidth-code-point 139ms (cache revalidated)
2471 silly packumentCache full:https://registry.npmjs.org/is-fullwidth-code-point set size:14578 disposed:false
2472 silly placeDep ROOT argparse@2.0.1 OK for: js-yaml@4.1.0 want: ^2.0.1
2473 silly placeDep node_modules/lighthouse-logger debug@2.6.9 OK for: lighthouse-logger@1.4.2 want: ^2.6.9
2474 silly placeDep ROOT marky@1.3.0 OK for: lighthouse-logger@1.4.2 want: ^1.2.2
2475 silly placeDep ROOT detect-libc@2.1.2 OK for: lightningcss@1.30.2 want: ^2.0.3
2476 silly placeDep ROOT lightningcss-android-arm64@1.30.2 OK for: lightningcss@1.30.2 want: 1.30.2
2477 silly placeDep ROOT lightningcss-darwin-arm64@1.30.2 OK for: lightningcss@1.30.2 want: 1.30.2
2478 silly placeDep ROOT lightningcss-darwin-x64@1.30.2 OK for: lightningcss@1.30.2 want: 1.30.2
2479 silly placeDep ROOT lightningcss-freebsd-x64@1.30.2 OK for: lightningcss@1.30.2 want: 1.30.2
2480 silly placeDep ROOT lightningcss-linux-arm-gnueabihf@1.30.2 OK for: lightningcss@1.30.2 want: 1.30.2
2481 silly placeDep ROOT lightningcss-linux-arm64-gnu@1.30.2 OK for: lightningcss@1.30.2 want: 1.30.2
2482 silly placeDep ROOT lightningcss-linux-arm64-musl@1.30.2 OK for: lightningcss@1.30.2 want: 1.30.2
2483 silly placeDep ROOT lightningcss-linux-x64-gnu@1.30.2 OK for: lightningcss@1.30.2 want: 1.30.2
2484 silly placeDep ROOT lightningcss-linux-x64-musl@1.30.2 OK for: lightningcss@1.30.2 want: 1.30.2
2485 silly placeDep ROOT lightningcss-win32-arm64-msvc@1.30.2 OK for: lightningcss@1.30.2 want: 1.30.2
2486 silly placeDep ROOT lightningcss-win32-x64-msvc@1.30.2 OK for: lightningcss@1.30.2 want: 1.30.2
2487 silly placeDep ROOT p-locate@5.0.0 OK for: locate-path@6.0.0 want: ^5.0.0
2488 silly placeDep ROOT yallist@3.1.1 OK for: lru-cache@5.1.1 want: ^3.0.2
2489 silly fetch manifest utf-8-validate@^5.0.2
2490 silly packumentCache full:https://registry.npmjs.org/utf-8-validate cache-hit
2491 silly placeDep node_modules/metro @babel/code-frame@7.27.1 OK for: metro@0.83.1 want: ^7.24.7
2492 silly placeDep node_modules/metro ci-info@2.0.0 OK for: metro@0.83.1 want: ^2.0.0
2493 silly placeDep ROOT error-stack-parser@2.1.4 OK for: metro@0.83.1 want: ^2.0.6
2494 silly placeDep ROOT flow-enums-runtime@0.0.6 OK for: metro@0.83.1 want: ^0.0.6
2495 silly placeDep ROOT graceful-fs@4.2.11 OK for: metro@0.83.1 want: ^4.2.4
2496 silly placeDep ROOT image-size@1.2.1 OK for: metro@0.83.1 want: ^1.0.2
2497 silly placeDep ROOT jest-worker@29.7.0 OK for: metro@0.83.1 want: ^29.7.0
2498 silly placeDep ROOT lodash.throttle@4.1.1 OK for: metro@0.83.1 want: ^4.1.1
2499 silly placeDep ROOT metro-symbolicate@0.83.1 OK for: metro@0.83.1 want: 0.83.1
2500 silly placeDep ROOT serialize-error@2.1.0 OK for: metro@0.83.1 want: ^2.1.0
2501 silly placeDep ROOT source-map@0.5.7 OK for: metro@0.83.1 want: ^0.5.6
2502 silly placeDep ROOT throat@5.0.0 OK for: metro@0.83.1 want: ^5.0.0
2503 silly placeDep node_modules/metro ws@7.5.10 OK for: metro@0.83.1 want: ^7.5.10
2504 silly fetch manifest stackframe@^1.3.4
2505 silly packumentCache full:https://registry.npmjs.org/stackframe cache-miss
2506 silly fetch manifest queue@6.0.2
2507 silly packumentCache full:https://registry.npmjs.org/queue cache-miss
2508 silly fetch manifest jest-util@^29.7.0
2509 silly packumentCache full:https://registry.npmjs.org/jest-util cache-miss
2510 silly fetch manifest merge-stream@^2.0.0
2511 silly packumentCache full:https://registry.npmjs.org/merge-stream cache-miss
2512 silly fetch manifest supports-color@^8.0.0
2513 silly packumentCache full:https://registry.npmjs.org/supports-color cache-hit
2514 http fetch GET 200 https://registry.npmjs.org/merge-stream 51ms (cache revalidated)
2515 silly packumentCache full:https://registry.npmjs.org/merge-stream set size:22168 disposed:false
2516 http fetch GET 200 https://registry.npmjs.org/queue 55ms (cache revalidated)
2517 silly packumentCache full:https://registry.npmjs.org/queue set size:76287 disposed:false
2518 http fetch GET 200 https://registry.npmjs.org/stackframe 56ms (cache revalidated)
2519 silly packumentCache full:https://registry.npmjs.org/stackframe set size:54134 disposed:false
2520 http fetch GET 200 https://registry.npmjs.org/jest-util 57ms (cache revalidated)
2521 silly packumentCache full:https://registry.npmjs.org/jest-util set size:581984 disposed:false
2522 silly placeDep ROOT stackframe@1.3.4 OK for: error-stack-parser@2.1.4 want: ^1.3.4
2523 silly placeDep ROOT queue@6.0.2 OK for: image-size@1.2.1 want: 6.0.2
2524 silly fetch manifest inherits@~2.0.3
2525 silly packumentCache full:https://registry.npmjs.org/inherits cache-hit
2526 silly placeDep ROOT jest-util@29.7.0 OK for: jest-worker@29.7.0 want: ^29.7.0
2527 silly placeDep ROOT merge-stream@2.0.0 OK for: jest-worker@29.7.0 want: ^2.0.0
2528 silly placeDep node_modules/jest-worker supports-color@8.1.1 OK for: jest-worker@29.7.0 want: ^8.0.0
2529 silly fetch manifest picomatch@^2.2.3
2530 silly packumentCache full:https://registry.npmjs.org/picomatch cache-hit
2531 silly fetch manifest @jest/types@^29.6.3
2532 silly packumentCache full:https://registry.npmjs.org/@jest%2ftypes cache-miss
2533 http fetch GET 200 https://registry.npmjs.org/@jest%2ftypes 92ms (cache revalidated)
2534 silly packumentCache full:https://registry.npmjs.org/@jest%2ftypes set size:286895 disposed:false
2535 silly placeDep ROOT @jest/types@29.6.3 OK for: jest-util@29.7.0 want: ^29.6.3
2536 silly placeDep node_modules/jest-util picomatch@2.3.1 OK for: jest-util@29.7.0 want: ^2.2.3
2537 silly fetch manifest @types/yargs@^17.0.8
2538 silly packumentCache full:https://registry.npmjs.org/@types%2fyargs cache-miss
2539 silly fetch manifest @types/istanbul-reports@^3.0.0
2540 silly packumentCache full:https://registry.npmjs.org/@types%2fistanbul-reports cache-miss
2541 silly fetch manifest @types/istanbul-lib-coverage@^2.0.0
2542 silly packumentCache full:https://registry.npmjs.org/@types%2fistanbul-lib-coverage cache-miss
2543 http fetch GET 200 https://registry.npmjs.org/@types%2fistanbul-reports 108ms (cache revalidated)
2544 silly packumentCache full:https://registry.npmjs.org/@types%2fistanbul-reports set size:17607 disposed:false
2545 http fetch GET 200 https://registry.npmjs.org/@types%2fistanbul-lib-coverage 107ms (cache revalidated)
2546 silly packumentCache full:https://registry.npmjs.org/@types%2fistanbul-lib-coverage set size:18110 disposed:false
2547 http fetch GET 200 https://registry.npmjs.org/@types%2fyargs 109ms (cache revalidated)
2548 silly packumentCache full:https://registry.npmjs.org/@types%2fyargs set size:379194 disposed:false
2549 silly placeDep ROOT @jest/schemas@29.6.3 OK for: @jest/types@29.6.3 want: ^29.6.3
2550 silly placeDep ROOT @types/istanbul-lib-coverage@2.0.6 OK for: @jest/types@29.6.3 want: ^2.0.0
2551 silly placeDep ROOT @types/istanbul-reports@3.0.4 OK for: @jest/types@29.6.3 want: ^3.0.0
2552 silly placeDep ROOT @types/yargs@17.0.33 OK for: @jest/types@29.6.3 want: ^17.0.8
2553 silly fetch manifest @sinclair/typebox@^0.27.8
2554 silly packumentCache full:https://registry.npmjs.org/@sinclair%2ftypebox cache-miss
2555 silly fetch manifest @types/istanbul-lib-report@*
2556 silly packumentCache full:https://registry.npmjs.org/@types%2fistanbul-lib-report cache-miss
2557 silly fetch manifest @types/yargs-parser@*
2558 silly packumentCache full:https://registry.npmjs.org/@types%2fyargs-parser cache-miss
2559 http fetch GET 200 https://registry.npmjs.org/@types%2fistanbul-lib-report 47ms (cache revalidated)
2560 silly packumentCache full:https://registry.npmjs.org/@types%2fistanbul-lib-report set size:12674 disposed:false
2561 http fetch GET 200 https://registry.npmjs.org/@types%2fyargs-parser 57ms (cache revalidated)
2562 silly packumentCache full:https://registry.npmjs.org/@types%2fyargs-parser set size:42751 disposed:false
2563 http fetch GET 200 https://registry.npmjs.org/@sinclair%2ftypebox 62ms (cache revalidated)
2564 silly packumentCache full:https://registry.npmjs.org/@sinclair%2ftypebox set size:1194553 disposed:false
2565 silly placeDep ROOT @sinclair/typebox@0.27.8 OK for: @jest/schemas@29.6.3 want: ^0.27.8
2566 silly placeDep ROOT @types/istanbul-lib-report@3.0.3 OK for: @types/istanbul-reports@3.0.4 want: *
2567 silly placeDep ROOT @types/yargs-parser@21.0.3 OK for: @types/yargs@17.0.33 want: *
2568 silly placeDep ROOT exponential-backoff@3.1.2 OK for: metro-cache@0.83.1 want: ^3.1.1
2569 silly placeDep ROOT https-proxy-agent@7.0.6 OK for: metro-cache@0.83.1 want: ^7.0.5
2570 silly fetch manifest agent-base@^7.1.2
2571 silly packumentCache full:https://registry.npmjs.org/agent-base cache-miss
2572 http fetch GET 200 https://registry.npmjs.org/agent-base 105ms (cache revalidated)
2573 silly packumentCache full:https://registry.npmjs.org/agent-base set size:67460 disposed:false
2574 silly placeDep ROOT agent-base@7.1.4 OK for: https-proxy-agent@7.0.6 want: ^7.1.2
2575 silly placeDep ROOT cosmiconfig@5.2.1 OK for: metro-config@0.83.1 want: ^5.0.5
2576 silly placeDep ROOT jest-validate@29.7.0 OK for: metro-config@0.83.1 want: ^29.7.0
2577 silly fetch manifest import-fresh@^2.0.0
2578 silly packumentCache full:https://registry.npmjs.org/import-fresh cache-miss
2579 silly fetch manifest is-directory@^0.3.1
2580 silly packumentCache full:https://registry.npmjs.org/is-directory cache-miss
2581 silly fetch manifest js-yaml@^3.13.1
2582 silly packumentCache full:https://registry.npmjs.org/js-yaml cache-hit
2583 silly fetch manifest parse-json@^4.0.0
2584 silly packumentCache full:https://registry.npmjs.org/parse-json cache-miss
2585 silly fetch manifest leven@^3.1.0
2586 silly packumentCache full:https://registry.npmjs.org/leven cache-miss
2587 silly fetch manifest camelcase@^6.2.0
2588 silly packumentCache full:https://registry.npmjs.org/camelcase cache-miss
2589 silly fetch manifest jest-get-type@^29.6.3
2590 silly packumentCache full:https://registry.npmjs.org/jest-get-type cache-miss
2591 http fetch GET 200 https://registry.npmjs.org/import-fresh 42ms (cache revalidated)
2592 silly packumentCache full:https://registry.npmjs.org/import-fresh set size:21461 disposed:false
2593 http fetch GET 200 https://registry.npmjs.org/leven 48ms (cache revalidated)
2594 silly packumentCache full:https://registry.npmjs.org/leven set size:23210 disposed:false
2595 http fetch GET 200 https://registry.npmjs.org/parse-json 49ms (cache revalidated)
2596 silly packumentCache full:https://registry.npmjs.org/parse-json set size:48198 disposed:false
2597 http fetch GET 200 https://registry.npmjs.org/jest-get-type 53ms (cache revalidated)
2598 silly packumentCache full:https://registry.npmjs.org/jest-get-type set size:201170 disposed:false
2599 http fetch GET 200 https://registry.npmjs.org/camelcase 56ms (cache revalidated)
2600 silly packumentCache full:https://registry.npmjs.org/camelcase set size:57059 disposed:false
2601 http fetch GET 200 https://registry.npmjs.org/is-directory 81ms (cache revalidated)
2602 silly packumentCache full:https://registry.npmjs.org/is-directory set size:15926 disposed:false
2603 silly placeDep ROOT import-fresh@2.0.0 OK for: cosmiconfig@5.2.1 want: ^2.0.0
2604 silly placeDep ROOT is-directory@0.3.1 OK for: cosmiconfig@5.2.1 want: ^0.3.1
2605 silly placeDep node_modules/cosmiconfig js-yaml@3.14.1 OK for: cosmiconfig@5.2.1 want: ^3.13.1
2606 silly placeDep ROOT parse-json@4.0.0 OK for: cosmiconfig@5.2.1 want: ^4.0.0
2607 silly fetch manifest caller-path@^2.0.0
2608 silly packumentCache full:https://registry.npmjs.org/caller-path cache-miss
2609 silly fetch manifest resolve-from@^3.0.0
2610 silly packumentCache full:https://registry.npmjs.org/resolve-from cache-hit
2611 silly fetch manifest argparse@^1.0.7
2612 silly packumentCache full:https://registry.npmjs.org/argparse cache-hit
2613 silly fetch manifest esprima@^4.0.0
2614 silly packumentCache full:https://registry.npmjs.org/esprima cache-miss
2615 silly fetch manifest error-ex@^1.3.1
2616 silly packumentCache full:https://registry.npmjs.org/error-ex cache-miss
2617 silly fetch manifest json-parse-better-errors@^1.0.1
2618 silly packumentCache full:https://registry.npmjs.org/json-parse-better-errors cache-miss
2619 http fetch GET 200 https://registry.npmjs.org/esprima 47ms (cache revalidated)
2620 silly packumentCache full:https://registry.npmjs.org/esprima set size:118410 disposed:false
2621 http fetch GET 200 https://registry.npmjs.org/caller-path 53ms (cache revalidated)
2622 silly packumentCache full:https://registry.npmjs.org/caller-path set size:15125 disposed:false
2623 http fetch GET 200 https://registry.npmjs.org/json-parse-better-errors 52ms (cache revalidated)
2624 silly packumentCache full:https://registry.npmjs.org/json-parse-better-errors set size:9157 disposed:false
2625 http fetch GET 200 https://registry.npmjs.org/error-ex 52ms (cache revalidated)
2626 silly packumentCache full:https://registry.npmjs.org/error-ex set size:31684 disposed:false
2627 silly placeDep ROOT caller-path@2.0.0 OK for: import-fresh@2.0.0 want: ^2.0.0
2628 silly placeDep node_modules/import-fresh resolve-from@3.0.0 OK for: import-fresh@2.0.0 want: ^3.0.0
2629 silly fetch manifest caller-callsite@^2.0.0
2630 silly packumentCache full:https://registry.npmjs.org/caller-callsite cache-miss
2631 http fetch GET 200 https://registry.npmjs.org/caller-callsite 49ms (cache revalidated)
2632 silly packumentCache full:https://registry.npmjs.org/caller-callsite set size:19441 disposed:false
2633 silly placeDep ROOT caller-callsite@2.0.0 OK for: caller-path@2.0.0 want: ^2.0.0
2634 silly fetch manifest callsites@^2.0.0
2635 silly packumentCache full:https://registry.npmjs.org/callsites cache-miss
2636 http fetch GET 200 https://registry.npmjs.org/callsites 133ms (cache revalidated)
2637 silly packumentCache full:https://registry.npmjs.org/callsites set size:21349 disposed:false
2638 silly placeDep ROOT callsites@2.0.0 OK for: caller-callsite@2.0.0 want: ^2.0.0
2639 silly placeDep ROOT camelcase@6.3.0 OK for: jest-validate@29.7.0 want: ^6.2.0
2640 silly placeDep ROOT jest-get-type@29.6.3 OK for: jest-validate@29.7.0 want: ^29.6.3
2641 silly placeDep ROOT leven@3.1.0 OK for: jest-validate@29.7.0 want: ^3.1.0
2642 silly placeDep ROOT fb-watchman@2.0.2 OK for: metro-file-map@0.83.1 want: ^2.0.0
2643 silly placeDep ROOT micromatch@4.0.8 OK for: metro-file-map@0.83.1 want: ^4.0.4
2644 silly placeDep ROOT walker@1.0.8 OK for: metro-file-map@0.83.1 want: ^1.0.7
2645 silly fetch manifest bser@2.1.1
2646 silly packumentCache full:https://registry.npmjs.org/bser cache-miss
2647 silly fetch manifest braces@^3.0.3
2648 silly packumentCache full:https://registry.npmjs.org/braces cache-miss
2649 silly fetch manifest picomatch@^2.3.1
2650 silly packumentCache full:https://registry.npmjs.org/picomatch cache-hit
2651 silly fetch manifest makeerror@1.0.12
2652 silly packumentCache full:https://registry.npmjs.org/makeerror cache-miss
2653 http fetch GET 200 https://registry.npmjs.org/braces 49ms (cache revalidated)
2654 silly packumentCache full:https://registry.npmjs.org/braces set size:114529 disposed:false
2655 http fetch GET 200 https://registry.npmjs.org/makeerror 51ms (cache revalidated)
2656 silly packumentCache full:https://registry.npmjs.org/makeerror set size:16681 disposed:false
2657 http fetch GET 200 https://registry.npmjs.org/bser 60ms (cache revalidated)
2658 silly packumentCache full:https://registry.npmjs.org/bser set size:14158 disposed:false
2659 silly placeDep ROOT bser@2.1.1 OK for: fb-watchman@2.0.2 want: 2.1.1
2660 silly fetch manifest node-int64@^0.4.0
2661 silly packumentCache full:https://registry.npmjs.org/node-int64 cache-miss
2662 http fetch GET 200 https://registry.npmjs.org/node-int64 129ms (cache revalidated)
2663 silly packumentCache full:https://registry.npmjs.org/node-int64 set size:11660 disposed:false
2664 silly placeDep ROOT node-int64@0.4.0 OK for: bser@2.1.1 want: ^0.4.0
2665 silly placeDep ROOT @babel/traverse--for-generate-function-map@7.28.4 OK for: metro-source-map@0.83.1 want: npm:@babel/traverse@^7.25.3
2666 silly placeDep ROOT ob1@0.83.1 OK for: metro-source-map@0.83.1 want: 0.83.1
2667 silly placeDep ROOT vlq@1.0.1 OK for: metro-source-map@0.83.1 want: ^1.0.0
2668 silly placeDep node_modules/@babel/traverse--for-generate-function-map @babel/code-frame@7.27.1 OK for: @babel/traverse@7.28.4 want: ^7.27.1
2669 silly placeDep ROOT metro-minify-terser@0.83.1 OK for: metro-transform-worker@0.83.1 want: 0.83.1
2670 silly fetch manifest terser@^5.15.0
2671 silly packumentCache full:https://registry.npmjs.org/terser cache-miss
2672 http fetch GET 200 https://registry.npmjs.org/terser 53ms (cache revalidated)
2673 silly packumentCache full:https://registry.npmjs.org/terser set size:776798 disposed:false
2674 silly placeDep ROOT terser@5.44.0 OK for: metro-minify-terser@0.83.1 want: ^5.15.0
2675 silly fetch manifest @jridgewell/source-map@^0.3.3
2676 silly packumentCache full:https://registry.npmjs.org/@jridgewell%2fsource-map cache-miss
2677 silly fetch manifest acorn@^8.15.0
2678 silly packumentCache full:https://registry.npmjs.org/acorn cache-miss
2679 silly fetch manifest commander@^2.20.0
2680 silly packumentCache full:https://registry.npmjs.org/commander cache-hit
2681 http fetch GET 200 https://registry.npmjs.org/acorn 45ms (cache revalidated)
2682 silly packumentCache full:https://registry.npmjs.org/acorn set size:377362 disposed:false
2683 http fetch GET 200 https://registry.npmjs.org/@jridgewell%2fsource-map 57ms (cache revalidated)
2684 silly packumentCache full:https://registry.npmjs.org/@jridgewell%2fsource-map set size:45204 disposed:false
2685 silly placeDep ROOT braces@3.0.3 OK for: micromatch@4.0.8 want: ^3.0.3
2686 silly placeDep node_modules/micromatch picomatch@2.3.1 OK for: micromatch@4.0.8 want: ^2.3.1
2687 silly fetch manifest fill-range@^7.1.1
2688 silly packumentCache full:https://registry.npmjs.org/fill-range cache-miss
2689 http fetch GET 200 https://registry.npmjs.org/fill-range 41ms (cache revalidated)
2690 silly packumentCache full:https://registry.npmjs.org/fill-range set size:90212 disposed:false
2691 silly placeDep ROOT fill-range@7.1.1 OK for: braces@3.0.3 want: ^7.1.1
2692 silly fetch manifest to-regex-range@^5.0.1
2693 silly packumentCache full:https://registry.npmjs.org/to-regex-range cache-miss
2694 http fetch GET 200 https://registry.npmjs.org/to-regex-range 43ms (cache revalidated)
2695 silly packumentCache full:https://registry.npmjs.org/to-regex-range set size:61569 disposed:false
2696 silly placeDep ROOT to-regex-range@5.0.1 OK for: fill-range@7.1.1 want: ^5.0.1
2697 silly fetch manifest is-number@^7.0.0
2698 silly packumentCache full:https://registry.npmjs.org/is-number cache-miss
2699 http fetch GET 200 https://registry.npmjs.org/is-number 108ms (cache revalidated)
2700 silly packumentCache full:https://registry.npmjs.org/is-number set size:36183 disposed:false
2701 silly placeDep node_modules/mime-types mime-db@1.52.0 OK for: mime-types@2.1.35 want: 1.52.0
2702 silly placeDep ROOT brace-expansion@2.0.2 OK for: minimatch@9.0.5 want: ^2.0.1
2703 silly fetch manifest balanced-match@^1.0.0
2704 silly packumentCache full:https://registry.npmjs.org/balanced-match cache-miss
2705 http fetch GET 200 https://registry.npmjs.org/balanced-match 40ms (cache revalidated)
2706 silly packumentCache full:https://registry.npmjs.org/balanced-match set size:33860 disposed:false
2707 silly placeDep ROOT balanced-match@1.0.2 OK for: brace-expansion@2.0.2 want: ^1.0.0
2708 silly placeDep ROOT hosted-git-info@7.0.2 OK for: npm-package-arg@11.0.3 want: ^7.0.0
2709 silly placeDep ROOT proc-log@4.2.0 OK for: npm-package-arg@11.0.3 want: ^4.0.0
2710 silly placeDep ROOT validate-npm-package-name@5.0.1 OK for: npm-package-arg@11.0.3 want: ^5.0.0
2711 silly fetch manifest lru-cache@^10.0.1
2712 silly packumentCache full:https://registry.npmjs.org/lru-cache cache-hit
2713 silly placeDep node_modules/hosted-git-info lru-cache@10.4.3 OK for: hosted-git-info@7.0.2 want: ^10.0.1
2714 silly placeDep ROOT ee-first@1.1.1 OK for: on-finished@2.3.0 want: 1.1.1
2715 silly placeDep node_modules/ora chalk@2.4.2 OK for: ora@3.4.0 want: ^2.4.2
2716 silly placeDep ROOT cli-cursor@2.1.0 OK for: ora@3.4.0 want: ^2.1.0
2717 silly placeDep ROOT cli-spinners@2.9.2 OK for: ora@3.4.0 want: ^2.0.0
2718 silly placeDep ROOT log-symbols@2.2.0 OK for: ora@3.4.0 want: ^2.2.0
2719 silly placeDep node_modules/ora strip-ansi@5.2.0 OK for: ora@3.4.0 want: ^5.2.0
2720 silly placeDep ROOT wcwidth@1.0.1 OK for: ora@3.4.0 want: ^1.0.1
2721 silly fetch manifest restore-cursor@^2.0.0
2722 silly packumentCache full:https://registry.npmjs.org/restore-cursor cache-miss
2723 silly fetch manifest chalk@^2.0.1
2724 silly packumentCache full:https://registry.npmjs.org/chalk cache-hit
2725 silly fetch manifest ansi-regex@^4.1.0
2726 silly packumentCache full:https://registry.npmjs.org/ansi-regex cache-hit
2727 silly fetch manifest defaults@^1.0.3
2728 silly packumentCache full:https://registry.npmjs.org/defaults cache-miss
2729 http fetch GET 200 https://registry.npmjs.org/restore-cursor 47ms (cache revalidated)
2730 silly packumentCache full:https://registry.npmjs.org/restore-cursor set size:17895 disposed:false
2731 http fetch GET 200 https://registry.npmjs.org/defaults 142ms (cache revalidated)
2732 silly packumentCache full:https://registry.npmjs.org/defaults set size:18134 disposed:false
2733 silly placeDep ROOT restore-cursor@2.0.0 OK for: cli-cursor@2.1.0 want: ^2.0.0
2734 silly fetch manifest onetime@^2.0.0
2735 silly packumentCache full:https://registry.npmjs.org/onetime cache-miss
2736 silly fetch manifest signal-exit@^3.0.2
2737 silly packumentCache full:https://registry.npmjs.org/signal-exit cache-hit
2738 http fetch GET 200 https://registry.npmjs.org/onetime 55ms (cache revalidated)
2739 silly packumentCache full:https://registry.npmjs.org/onetime set size:30525 disposed:false
2740 silly placeDep node_modules/log-symbols chalk@2.4.2 OK for: log-symbols@2.2.0 want: ^2.0.1
2741 silly placeDep ROOT yocto-queue@0.1.0 OK for: p-limit@3.1.0 want: ^0.1.0
2742 silly placeDep ROOT error-ex@1.3.4 OK for: parse-json@4.0.0 want: ^1.3.1
2743 silly placeDep ROOT json-parse-better-errors@1.0.2 OK for: parse-json@4.0.0 want: ^1.0.1
2744 silly fetch manifest is-arrayish@^0.2.1
2745 silly packumentCache full:https://registry.npmjs.org/is-arrayish cache-miss
2746 http fetch GET 200 https://registry.npmjs.org/is-arrayish 46ms (cache revalidated)
2747 silly packumentCache full:https://registry.npmjs.org/is-arrayish set size:15371 disposed:false
2748 silly placeDep ROOT is-arrayish@0.2.1 OK for: error-ex@1.3.4 want: ^0.2.1
2749 silly placeDep ROOT pngjs@3.4.0 OK for: parse-png@2.1.0 want: ^3.3.0
2750 silly placeDep node_modules/path-scurry lru-cache@10.4.3 OK for: path-scurry@1.11.1 want: ^10.2.0
2751 silly placeDep ROOT nanoid@3.3.11 OK for: postcss@8.4.49 want: ^3.3.7
2752 silly placeDep ROOT source-map-js@1.2.1 OK for: postcss@8.4.49 want: ^1.2.1
2753 silly placeDep node_modules/pretty-format ansi-styles@5.2.0 OK for: pretty-format@29.7.0 want: ^5.0.0
2754 silly placeDep ROOT react-is@18.3.1 OK for: pretty-format@29.7.0 want: ^18.0.0
2755 silly placeDep ROOT kleur@3.0.3 OK for: prompts@2.4.2 want: ^3.0.3
2756 silly placeDep ROOT sisteransi@1.0.5 OK for: prompts@2.4.2 want: ^1.0.5
2757 silly placeDep ROOT inherits@2.0.4 OK for: queue@6.0.2 want: ~2.0.3
2758 silly fetch manifest @babel/core@^7.8.0
2759 silly packumentCache full:https://registry.npmjs.org/@babel%2fcore cache-hit
2760 silly fetch manifest react@^19.1.1
2761 silly packumentCache full:https://registry.npmjs.org/react cache-miss
2762 http fetch GET 200 https://registry.npmjs.org/react 12ms (cache hit)
2763 silly packumentCache full:https://registry.npmjs.org/react set size:6145590 disposed:false
2764 silly fetch manifest @react-native-community/cli@*
2765 silly packumentCache full:https://registry.npmjs.org/@react-native-community%2fcli cache-miss
2766 http fetch GET 200 https://registry.npmjs.org/@react-native-community%2fcli 66ms (cache revalidated)
2767 silly packumentCache full:https://registry.npmjs.org/@react-native-community%2fcli set size:1016095 disposed:false
2768 silly fetch manifest @react-native/metro-config@*
2769 silly packumentCache full:https://registry.npmjs.org/@react-native%2fmetro-config cache-miss
2770 http fetch GET 200 https://registry.npmjs.org/@react-native%2fmetro-config 174ms (cache updated)
2771 silly packumentCache full:https://registry.npmjs.org/@react-native%2fmetro-config set size:undefined disposed:false
2772 silly placeDep ROOT @jest/create-cache-key-function@29.7.0 OK for: react-native@0.82.0 want: ^29.7.0
2773 silly placeDep ROOT @react-native/assets-registry@0.82.0 OK for: react-native@0.82.0 want: 0.82.0
2774 silly placeDep node_modules/react-native @react-native/codegen@0.82.0 OK for: react-native@0.82.0 want: 0.82.0
2775 silly placeDep ROOT @react-native/community-cli-plugin@0.82.0 OK for: react-native@0.82.0 want: 0.82.0
2776 silly placeDep ROOT @react-native/gradle-plugin@0.82.0 OK for: react-native@0.82.0 want: 0.82.0
2777 silly placeDep ROOT @react-native/js-polyfills@0.82.0 OK for: react-native@0.82.0 want: 0.82.0
2778 silly placeDep node_modules/react-native @react-native/normalize-colors@0.82.0 OK for: react-native@0.82.0 want: 0.82.0
2779 silly placeDep ROOT @react-native/virtualized-lists@0.82.0 OK for: react-native@0.82.0 want: 0.82.0
2780 silly placeDep ROOT abort-controller@3.0.0 OK for: react-native@0.82.0 want: ^3.0.0
2781 silly placeDep ROOT anser@1.4.10 OK for: react-native@0.82.0 want: ^1.4.9
2782 silly placeDep ROOT ansi-regex@5.0.1 OK for: react-native@0.82.0 want: ^5.0.0
2783 silly placeDep ROOT babel-jest@29.7.0 OK for: react-native@0.82.0 want: ^29.7.0
2784 silly placeDep node_modules/react-native babel-plugin-syntax-hermes-parser@0.32.0 OK for: react-native@0.82.0 want: 0.32.0
2785 silly placeDep node_modules/react-native commander@12.1.0 OK for: react-native@0.82.0 want: ^12.0.0
2786 silly placeDep node_modules/react-native glob@7.2.3 OK for: react-native@0.82.0 want: ^7.1.1
2787 silly placeDep ROOT hermes-compiler@0.0.0 OK for: react-native@0.82.0 want: 0.0.0
2788 silly placeDep ROOT jest-environment-node@29.7.0 OK for: react-native@0.82.0 want: ^29.7.0
2789 silly placeDep ROOT memoize-one@5.2.1 OK for: react-native@0.82.0 want: ^5.0.0
2790 silly placeDep ROOT promise@8.3.0 OK for: react-native@0.82.0 want: ^8.3.0
2791 silly placeDep ROOT react-devtools-core@6.1.5 OK for: react-native@0.82.0 want: ^6.1.5
2792 silly placeDep ROOT regenerator-runtime@0.13.11 OK for: react-native@0.82.0 want: ^0.13.2
2793 silly placeDep ROOT scheduler@0.26.0 OK for: react-native@0.82.0 want: 0.26.0
2794 silly placeDep ROOT whatwg-fetch@3.6.20 OK for: react-native@0.82.0 want: ^3.0.0
2795 silly placeDep node_modules/react-native ws@6.2.3 OK for: react-native@0.82.0 want: ^6.2.3
2796 silly fetch manifest hermes-parser@0.32.0
2797 silly packumentCache full:https://registry.npmjs.org/hermes-parser cache-hit
2798 silly fetch manifest @react-native/dev-middleware@0.82.0
2799 silly packumentCache full:https://registry.npmjs.org/@react-native%2fdev-middleware cache-miss
2800 silly fetch manifest event-target-shim@^5.0.0
2801 silly packumentCache full:https://registry.npmjs.org/event-target-shim cache-miss
2802 silly fetch manifest @jest/transform@^29.7.0
2803 silly packumentCache full:https://registry.npmjs.org/@jest%2ftransform cache-miss
2804 silly fetch manifest babel-preset-jest@^29.6.3
2805 silly packumentCache full:https://registry.npmjs.org/babel-preset-jest cache-miss
2806 silly fetch manifest @types/babel__core@^7.1.14
2807 silly packumentCache full:https://registry.npmjs.org/@types%2fbabel__core cache-miss
2808 silly fetch manifest babel-plugin-istanbul@^6.1.1
2809 silly packumentCache full:https://registry.npmjs.org/babel-plugin-istanbul cache-miss
2810 silly fetch manifest hermes-parser@0.32.0
2811 silly packumentCache full:https://registry.npmjs.org/hermes-parser cache-hit
2812 silly fetch manifest jest-mock@^29.7.0
2813 silly packumentCache full:https://registry.npmjs.org/jest-mock cache-miss
2814 silly fetch manifest @jest/environment@^29.7.0
2815 silly packumentCache full:https://registry.npmjs.org/@jest%2fenvironment cache-miss
2816 silly fetch manifest @jest/fake-timers@^29.7.0
2817 silly packumentCache full:https://registry.npmjs.org/@jest%2ffake-timers cache-miss
2818 silly fetch manifest asap@~2.0.6
2819 silly packumentCache full:https://registry.npmjs.org/asap cache-miss
2820 silly fetch manifest ws@^7
2821 silly packumentCache full:https://registry.npmjs.org/ws cache-hit
2822 silly fetch manifest shell-quote@^1.6.1
2823 silly packumentCache full:https://registry.npmjs.org/shell-quote cache-miss
2824 http fetch GET 200 https://registry.npmjs.org/@react-native%2fdev-middleware 14ms (cache hit)
2825 silly packumentCache full:https://registry.npmjs.org/@react-native%2fdev-middleware set size:1861041 disposed:false
2826 http fetch GET 200 https://registry.npmjs.org/shell-quote 138ms (cache revalidated)
2827 silly packumentCache full:https://registry.npmjs.org/shell-quote set size:61937 disposed:false
2828 http fetch GET 200 https://registry.npmjs.org/babel-preset-jest 146ms (cache revalidated)
2829 silly packumentCache full:https://registry.npmjs.org/babel-preset-jest set size:425038 disposed:false
2830 http fetch GET 200 https://registry.npmjs.org/asap 147ms (cache revalidated)
2831 silly packumentCache full:https://registry.npmjs.org/asap set size:30968 disposed:false
2832 http fetch GET 200 https://registry.npmjs.org/jest-mock 150ms (cache revalidated)
2833 silly packumentCache full:https://registry.npmjs.org/jest-mock set size:517858 disposed:false
2834 http fetch GET 200 https://registry.npmjs.org/babel-plugin-istanbul 155ms (cache revalidated)
2835 silly packumentCache full:https://registry.npmjs.org/babel-plugin-istanbul set size:115111 disposed:false
2836 http fetch GET 200 https://registry.npmjs.org/event-target-shim 159ms (cache revalidated)
2837 silly packumentCache full:https://registry.npmjs.org/event-target-shim set size:103601 disposed:false
2838 http fetch GET 200 https://registry.npmjs.org/@types%2fbabel__core 162ms (cache revalidated)
2839 silly packumentCache full:https://registry.npmjs.org/@types%2fbabel__core set size:88676 disposed:false
2840 http fetch GET 200 https://registry.npmjs.org/@jest%2ftransform 165ms (cache revalidated)
2841 silly packumentCache full:https://registry.npmjs.org/@jest%2ftransform set size:461491 disposed:false
2842 http fetch GET 200 https://registry.npmjs.org/@jest%2fenvironment 168ms (cache revalidated)
2843 silly packumentCache full:https://registry.npmjs.org/@jest%2fenvironment set size:361315 disposed:false
2844 http fetch GET 200 https://registry.npmjs.org/@jest%2ffake-timers 172ms (cache revalidated)
2845 silly packumentCache full:https://registry.npmjs.org/@jest%2ffake-timers set size:365634 disposed:false
2846 silly placeDep node_modules/@react-native/community-cli-plugin @react-native/dev-middleware@0.82.0 OK for: @react-native/community-cli-plugin@0.82.0 want: 0.82.0
2847 silly fetch manifest @react-native/debugger-shell@0.82.0
2848 silly packumentCache full:https://registry.npmjs.org/@react-native%2fdebugger-shell cache-miss
2849 silly fetch manifest @react-native/debugger-frontend@0.82.0
2850 silly packumentCache full:https://registry.npmjs.org/@react-native%2fdebugger-frontend cache-miss
2851 http fetch GET 200 https://registry.npmjs.org/@react-native%2fdebugger-frontend 3ms (cache hit)
2852 silly packumentCache full:https://registry.npmjs.org/@react-native%2fdebugger-frontend set size:1501318 disposed:false
2853 http fetch GET 200 https://registry.npmjs.org/@react-native%2fdebugger-shell 70ms (cache miss)
2854 silly packumentCache full:https://registry.npmjs.org/@react-native%2fdebugger-shell set size:undefined disposed:false
2855 silly placeDep ROOT event-target-shim@5.0.1 OK for: abort-controller@3.0.0 want: ^5.0.0
2856 silly placeDep ROOT @jest/transform@29.7.0 OK for: babel-jest@29.7.0 want: ^29.7.0
2857 silly placeDep ROOT @types/babel__core@7.20.5 OK for: babel-jest@29.7.0 want: ^7.1.14
2858 silly placeDep ROOT babel-plugin-istanbul@6.1.1 OK for: babel-jest@29.7.0 want: ^6.1.1
2859 silly placeDep ROOT babel-preset-jest@29.6.3 OK for: babel-jest@29.7.0 want: ^29.6.3
2860 silly fetch manifest pirates@^4.0.4
2861 silly packumentCache full:https://registry.npmjs.org/pirates cache-hit
2862 silly fetch manifest jest-haste-map@^29.7.0
2863 silly packumentCache full:https://registry.npmjs.org/jest-haste-map cache-miss
2864 silly fetch manifest jest-regex-util@^29.6.3
2865 silly packumentCache full:https://registry.npmjs.org/jest-regex-util cache-miss
2866 silly fetch manifest write-file-atomic@^4.0.2
2867 silly packumentCache full:https://registry.npmjs.org/write-file-atomic cache-miss
2868 silly fetch manifest fast-json-stable-stringify@^2.1.0
2869 silly packumentCache full:https://registry.npmjs.org/fast-json-stable-stringify cache-miss
2870 silly fetch manifest @types/babel__template@*
2871 silly packumentCache full:https://registry.npmjs.org/@types%2fbabel__template cache-miss
2872 silly fetch manifest @types/babel__traverse@*
2873 silly packumentCache full:https://registry.npmjs.org/@types%2fbabel__traverse cache-miss
2874 silly fetch manifest @types/babel__generator@*
2875 silly packumentCache full:https://registry.npmjs.org/@types%2fbabel__generator cache-miss
2876 silly fetch manifest test-exclude@^6.0.0
2877 silly packumentCache full:https://registry.npmjs.org/test-exclude cache-miss
2878 silly fetch manifest @istanbuljs/schema@^0.1.2
2879 silly packumentCache full:https://registry.npmjs.org/@istanbuljs%2fschema cache-miss
2880 silly fetch manifest istanbul-lib-instrument@^5.0.4
2881 silly packumentCache full:https://registry.npmjs.org/istanbul-lib-instrument cache-miss
2882 silly fetch manifest @istanbuljs/load-nyc-config@^1.0.0
2883 silly packumentCache full:https://registry.npmjs.org/@istanbuljs%2fload-nyc-config cache-miss
2884 http fetch GET 200 https://registry.npmjs.org/write-file-atomic 49ms (cache revalidated)
2885 silly packumentCache full:https://registry.npmjs.org/write-file-atomic set size:75139 disposed:false
2886 silly fetch manifest babel-plugin-jest-hoist@^29.6.3
2887 silly packumentCache full:https://registry.npmjs.org/babel-plugin-jest-hoist cache-miss
2888 http fetch GET 200 https://registry.npmjs.org/test-exclude 49ms (cache revalidated)
2889 silly packumentCache full:https://registry.npmjs.org/test-exclude set size:107584 disposed:false
2890 silly fetch manifest babel-preset-current-node-syntax@^1.0.0
2891 silly packumentCache full:https://registry.npmjs.org/babel-preset-current-node-syntax cache-miss
2892 http fetch GET 200 https://registry.npmjs.org/istanbul-lib-instrument 51ms (cache revalidated)
2893 silly packumentCache full:https://registry.npmjs.org/istanbul-lib-instrument set size:219175 disposed:false
2894 http fetch GET 200 https://registry.npmjs.org/jest-haste-map 61ms (cache revalidated)
2895 silly packumentCache full:https://registry.npmjs.org/jest-haste-map set size:686303 disposed:false
2896 http fetch GET 200 https://registry.npmjs.org/fast-json-stable-stringify 66ms (cache revalidated)
2897 silly packumentCache full:https://registry.npmjs.org/fast-json-stable-stringify set size:11337 disposed:false
2898 http fetch GET 200 https://registry.npmjs.org/@types%2fbabel__generator 65ms (cache revalidated)
2899 silly packumentCache full:https://registry.npmjs.org/@types%2fbabel__generator set size:31587 disposed:false
2900 http fetch GET 200 https://registry.npmjs.org/@types%2fbabel__template 67ms (cache revalidated)
2901 silly packumentCache full:https://registry.npmjs.org/@types%2fbabel__template set size:22631 disposed:false
2902 http fetch GET 200 https://registry.npmjs.org/jest-regex-util 68ms (cache revalidated)
2903 silly packumentCache full:https://registry.npmjs.org/jest-regex-util set size:229345 disposed:false
2904 http fetch GET 200 https://registry.npmjs.org/@istanbuljs%2fload-nyc-config 67ms (cache revalidated)
2905 silly packumentCache full:https://registry.npmjs.org/@istanbuljs%2fload-nyc-config set size:17425 disposed:false
2906 http fetch GET 200 https://registry.npmjs.org/@types%2fbabel__traverse 72ms (cache revalidated)
2907 silly packumentCache full:https://registry.npmjs.org/@types%2fbabel__traverse set size:107819 disposed:false
2908 http fetch GET 200 https://registry.npmjs.org/@istanbuljs%2fschema 72ms (cache revalidated)
2909 silly packumentCache full:https://registry.npmjs.org/@istanbuljs%2fschema set size:12737 disposed:false
2910 http fetch GET 200 https://registry.npmjs.org/babel-preset-current-node-syntax 119ms (cache revalidated)
2911 silly packumentCache full:https://registry.npmjs.org/babel-preset-current-node-syntax set size:33355 disposed:false
2912 http fetch GET 200 https://registry.npmjs.org/babel-plugin-jest-hoist 123ms (cache revalidated)
2913 silly packumentCache full:https://registry.npmjs.org/babel-plugin-jest-hoist set size:461214 disposed:false
2914 silly placeDep ROOT fast-json-stable-stringify@2.1.0 OK for: @jest/transform@29.7.0 want: ^2.1.0
2915 silly placeDep ROOT jest-haste-map@29.7.0 OK for: @jest/transform@29.7.0 want: ^29.7.0
2916 silly placeDep ROOT jest-regex-util@29.6.3 OK for: @jest/transform@29.7.0 want: ^29.6.3
2917 silly placeDep ROOT pirates@4.0.7 OK for: @jest/transform@29.7.0 want: ^4.0.4
2918 silly placeDep ROOT write-file-atomic@4.0.2 OK for: @jest/transform@29.7.0 want: ^4.0.2
2919 silly fetch manifest anymatch@^3.0.3
2920 silly packumentCache full:https://registry.npmjs.org/anymatch cache-miss
2921 silly fetch manifest @types/graceful-fs@^4.1.3
2922 silly packumentCache full:https://registry.npmjs.org/@types%2fgraceful-fs cache-miss
2923 silly fetch manifest fsevents@^2.3.2
2924 silly packumentCache full:https://registry.npmjs.org/fsevents cache-miss
2925 silly fetch manifest imurmurhash@^0.1.4
2926 silly packumentCache full:https://registry.npmjs.org/imurmurhash cache-miss
2927 silly fetch manifest signal-exit@^3.0.7
2928 silly packumentCache full:https://registry.npmjs.org/signal-exit cache-hit
2929 http fetch GET 200 https://registry.npmjs.org/anymatch 49ms (cache revalidated)
2930 silly packumentCache full:https://registry.npmjs.org/anymatch set size:42974 disposed:false
2931 http fetch GET 200 https://registry.npmjs.org/imurmurhash 49ms (cache revalidated)
2932 silly packumentCache full:https://registry.npmjs.org/imurmurhash set size:35819 disposed:false
2933 http fetch GET 200 https://registry.npmjs.org/fsevents 60ms (cache revalidated)
2934 silly packumentCache full:https://registry.npmjs.org/fsevents set size:182472 disposed:false
2935 http fetch GET 200 https://registry.npmjs.org/@types%2fgraceful-fs 77ms (cache revalidated)
2936 silly packumentCache full:https://registry.npmjs.org/@types%2fgraceful-fs set size:38755 disposed:false
2937 silly placeDep ROOT @types/babel__generator@7.27.0 OK for: @types/babel__core@7.20.5 want: *
2938 silly placeDep ROOT @types/babel__template@7.4.4 OK for: @types/babel__core@7.20.5 want: *
2939 silly placeDep ROOT @types/babel__traverse@7.28.0 OK for: @types/babel__core@7.20.5 want: *
2940 silly placeDep ROOT @istanbuljs/load-nyc-config@1.1.0 OK for: babel-plugin-istanbul@6.1.1 want: ^1.0.0
2941 silly placeDep ROOT @istanbuljs/schema@0.1.3 OK for: babel-plugin-istanbul@6.1.1 want: ^0.1.2
2942 silly placeDep ROOT istanbul-lib-instrument@5.2.1 OK for: babel-plugin-istanbul@6.1.1 want: ^5.0.4
2943 silly placeDep ROOT test-exclude@6.0.0 OK for: babel-plugin-istanbul@6.1.1 want: ^6.0.0
2944 silly fetch manifest camelcase@^5.3.1
2945 silly packumentCache full:https://registry.npmjs.org/camelcase cache-hit
2946 silly fetch manifest find-up@^4.1.0
2947 silly packumentCache full:https://registry.npmjs.org/find-up cache-hit
2948 silly fetch manifest get-package-type@^0.1.0
2949 silly packumentCache full:https://registry.npmjs.org/get-package-type cache-miss
2950 silly fetch manifest semver@^6.3.0
2951 silly packumentCache full:https://registry.npmjs.org/semver cache-hit
2952 silly fetch manifest istanbul-lib-coverage@^3.2.0
2953 silly packumentCache full:https://registry.npmjs.org/istanbul-lib-coverage cache-miss
2954 silly fetch manifest glob@^7.1.4
2955 silly packumentCache full:https://registry.npmjs.org/glob cache-hit
2956 silly fetch manifest minimatch@^3.0.4
2957 silly packumentCache full:https://registry.npmjs.org/minimatch cache-hit
2958 http fetch GET 200 https://registry.npmjs.org/get-package-type 109ms (cache revalidated)
2959 silly packumentCache full:https://registry.npmjs.org/get-package-type set size:4414 disposed:false
2960 http fetch GET 200 https://registry.npmjs.org/istanbul-lib-coverage 109ms (cache revalidated)
2961 silly packumentCache full:https://registry.npmjs.org/istanbul-lib-coverage set size:75651 disposed:false
2962 silly placeDep node_modules/@istanbuljs/load-nyc-config camelcase@5.3.1 OK for: @istanbuljs/load-nyc-config@1.1.0 want: ^5.3.1
2963 silly placeDep node_modules/@istanbuljs/load-nyc-config find-up@4.1.0 OK for: @istanbuljs/load-nyc-config@1.1.0 want: ^4.1.0
2964 silly placeDep ROOT get-package-type@0.1.0 OK for: @istanbuljs/load-nyc-config@1.1.0 want: ^0.1.0
2965 silly placeDep node_modules/@istanbuljs/load-nyc-config js-yaml@3.14.1 OK for: @istanbuljs/load-nyc-config@1.1.0 want: ^3.13.1
2966 silly fetch manifest locate-path@^5.0.0
2967 silly packumentCache full:https://registry.npmjs.org/locate-path cache-hit
2968 silly placeDep ROOT babel-plugin-jest-hoist@29.6.3 OK for: babel-preset-jest@29.6.3 want: ^29.6.3
2969 silly placeDep ROOT babel-preset-current-node-syntax@1.2.0 OK for: babel-preset-jest@29.6.3 want: ^1.0.0
2970 silly fetch manifest @babel/plugin-syntax-async-generators@^7.8.4
2971 silly packumentCache full:https://registry.npmjs.org/@babel%2fplugin-syntax-async-generators cache-miss
2972 silly fetch manifest @babel/plugin-syntax-bigint@^7.8.3
2973 silly packumentCache full:https://registry.npmjs.org/@babel%2fplugin-syntax-bigint cache-miss
2974 silly fetch manifest @babel/plugin-syntax-class-properties@^7.12.13
2975 silly packumentCache full:https://registry.npmjs.org/@babel%2fplugin-syntax-class-properties cache-miss
2976 silly fetch manifest @babel/plugin-syntax-class-static-block@^7.14.5
2977 silly packumentCache full:https://registry.npmjs.org/@babel%2fplugin-syntax-class-static-block cache-miss
2978 silly fetch manifest @babel/plugin-syntax-import-attributes@^7.24.7
2979 silly packumentCache full:https://registry.npmjs.org/@babel%2fplugin-syntax-import-attributes cache-miss
2980 silly fetch manifest @babel/plugin-syntax-import-meta@^7.10.4
2981 silly packumentCache full:https://registry.npmjs.org/@babel%2fplugin-syntax-import-meta cache-miss
2982 silly fetch manifest @babel/plugin-syntax-json-strings@^7.8.3
2983 silly packumentCache full:https://registry.npmjs.org/@babel%2fplugin-syntax-json-strings cache-miss
2984 silly fetch manifest @babel/plugin-syntax-logical-assignment-operators@^7.10.4
2985 silly packumentCache full:https://registry.npmjs.org/@babel%2fplugin-syntax-logical-assignment-operators cache-miss
2986 silly fetch manifest @babel/plugin-syntax-numeric-separator@^7.10.4
2987 silly packumentCache full:https://registry.npmjs.org/@babel%2fplugin-syntax-numeric-separator cache-miss
2988 silly fetch manifest @babel/plugin-syntax-object-rest-spread@^7.8.3
2989 silly packumentCache full:https://registry.npmjs.org/@babel%2fplugin-syntax-object-rest-spread cache-miss
2990 silly fetch manifest @babel/plugin-syntax-optional-catch-binding@^7.8.3
2991 silly packumentCache full:https://registry.npmjs.org/@babel%2fplugin-syntax-optional-catch-binding cache-miss
2992 http fetch GET 200 https://registry.npmjs.org/@babel%2fplugin-syntax-class-properties 54ms (cache revalidated)
2993 silly packumentCache full:https://registry.npmjs.org/@babel%2fplugin-syntax-class-properties set size:92860 disposed:false
2994 silly fetch manifest @babel/plugin-syntax-private-property-in-object@^7.14.5
2995 silly packumentCache full:https://registry.npmjs.org/@babel%2fplugin-syntax-private-property-in-object cache-miss
2996 http fetch GET 200 https://registry.npmjs.org/@babel%2fplugin-syntax-bigint 57ms (cache revalidated)
2997 silly packumentCache full:https://registry.npmjs.org/@babel%2fplugin-syntax-bigint set size:55302 disposed:false
2998 silly fetch manifest @babel/plugin-syntax-top-level-await@^7.14.5
2999 silly packumentCache full:https://registry.npmjs.org/@babel%2fplugin-syntax-top-level-await cache-miss
3000 http fetch GET 200 https://registry.npmjs.org/@babel%2fplugin-syntax-import-attributes 59ms (cache revalidated)
3001 silly packumentCache full:https://registry.npmjs.org/@babel%2fplugin-syntax-import-attributes set size:63086 disposed:false
3002 http fetch GET 200 https://registry.npmjs.org/@babel%2fplugin-syntax-async-generators 64ms (cache revalidated)
3003 silly packumentCache full:https://registry.npmjs.org/@babel%2fplugin-syntax-async-generators set size:82646 disposed:false
3004 http fetch GET 200 https://registry.npmjs.org/@babel%2fplugin-syntax-class-static-block 65ms (cache revalidated)
3005 silly packumentCache full:https://registry.npmjs.org/@babel%2fplugin-syntax-class-static-block set size:11519 disposed:false
3006 http fetch GET 200 https://registry.npmjs.org/@babel%2fplugin-syntax-object-rest-spread 63ms (cache revalidated)
3007 silly packumentCache full:https://registry.npmjs.org/@babel%2fplugin-syntax-object-rest-spread set size:82808 disposed:false
3008 http fetch GET 200 https://registry.npmjs.org/@babel%2fplugin-syntax-logical-assignment-operators 67ms (cache revalidated)
3009 silly packumentCache full:https://registry.npmjs.org/@babel%2fplugin-syntax-logical-assignment-operators set size:72392 disposed:false
3010 http fetch GET 200 https://registry.npmjs.org/@babel%2fplugin-syntax-import-meta 71ms (cache revalidated)
3011 silly packumentCache full:https://registry.npmjs.org/@babel%2fplugin-syntax-import-meta set size:76236 disposed:false
3012 http fetch GET 200 https://registry.npmjs.org/@babel%2fplugin-syntax-optional-catch-binding 70ms (cache revalidated)
3013 silly packumentCache full:https://registry.npmjs.org/@babel%2fplugin-syntax-optional-catch-binding set size:83975 disposed:false
3014 http fetch GET 200 https://registry.npmjs.org/@babel%2fplugin-syntax-numeric-separator 76ms (cache revalidated)
3015 silly packumentCache full:https://registry.npmjs.org/@babel%2fplugin-syntax-numeric-separator set size:91054 disposed:false
3016 http fetch GET 200 https://registry.npmjs.org/@babel%2fplugin-syntax-json-strings 101ms (cache revalidated)
3017 silly packumentCache full:https://registry.npmjs.org/@babel%2fplugin-syntax-json-strings set size:50036 disposed:false
3018 http fetch GET 200 https://registry.npmjs.org/@babel%2fplugin-syntax-private-property-in-object 59ms (cache revalidated)
3019 silly packumentCache full:https://registry.npmjs.org/@babel%2fplugin-syntax-private-property-in-object set size:6479 disposed:false
3020 http fetch GET 200 https://registry.npmjs.org/@babel%2fplugin-syntax-top-level-await 63ms (cache revalidated)
3021 silly packumentCache full:https://registry.npmjs.org/@babel%2fplugin-syntax-top-level-await set size:25370 disposed:false
3022 silly fetch manifest @babel/core@^7.0.0 || ^8.0.0-0
3023 silly packumentCache full:https://registry.npmjs.org/@babel%2fcore cache-hit
3024 silly placeDep ROOT @babel/plugin-syntax-async-generators@7.8.4 OK for: babel-preset-current-node-syntax@1.2.0 want: ^7.8.4
3025 silly placeDep ROOT @babel/plugin-syntax-bigint@7.8.3 OK for: babel-preset-current-node-syntax@1.2.0 want: ^7.8.3
3026 silly placeDep ROOT @babel/plugin-syntax-class-properties@7.12.13 OK for: babel-preset-current-node-syntax@1.2.0 want: ^7.12.13
3027 silly placeDep ROOT @babel/plugin-syntax-class-static-block@7.14.5 OK for: babel-preset-current-node-syntax@1.2.0 want: ^7.14.5
3028 silly placeDep ROOT @babel/plugin-syntax-import-attributes@7.27.1 OK for: babel-preset-current-node-syntax@1.2.0 want: ^7.24.7
3029 silly placeDep ROOT @babel/plugin-syntax-import-meta@7.10.4 OK for: babel-preset-current-node-syntax@1.2.0 want: ^7.10.4
3030 silly placeDep ROOT @babel/plugin-syntax-json-strings@7.8.3 OK for: babel-preset-current-node-syntax@1.2.0 want: ^7.8.3
3031 silly placeDep ROOT @babel/plugin-syntax-logical-assignment-operators@7.10.4 OK for: babel-preset-current-node-syntax@1.2.0 want: ^7.10.4
3032 silly placeDep ROOT @babel/plugin-syntax-numeric-separator@7.10.4 OK for: babel-preset-current-node-syntax@1.2.0 want: ^7.10.4
3033 silly placeDep ROOT @babel/plugin-syntax-object-rest-spread@7.8.3 OK for: babel-preset-current-node-syntax@1.2.0 want: ^7.8.3
3034 silly placeDep ROOT @babel/plugin-syntax-optional-catch-binding@7.8.3 OK for: babel-preset-current-node-syntax@1.2.0 want: ^7.8.3
3035 silly placeDep ROOT @babel/plugin-syntax-private-property-in-object@7.14.5 OK for: babel-preset-current-node-syntax@1.2.0 want: ^7.14.5
3036 silly placeDep ROOT @babel/plugin-syntax-top-level-await@7.14.5 OK for: babel-preset-current-node-syntax@1.2.0 want: ^7.14.5
3037 silly placeDep ROOT istanbul-lib-coverage@3.2.2 OK for: istanbul-lib-instrument@5.2.1 want: ^3.2.0
3038 silly placeDep node_modules/istanbul-lib-instrument semver@6.3.1 OK for: istanbul-lib-instrument@5.2.1 want: ^6.3.0
3039 silly placeDep ROOT @jest/environment@29.7.0 OK for: jest-environment-node@29.7.0 want: ^29.7.0
3040 silly placeDep ROOT @jest/fake-timers@29.7.0 OK for: jest-environment-node@29.7.0 want: ^29.7.0
3041 silly placeDep ROOT jest-mock@29.7.0 OK for: jest-environment-node@29.7.0 want: ^29.7.0
3042 silly fetch manifest jest-message-util@^29.7.0
3043 silly packumentCache full:https://registry.npmjs.org/jest-message-util cache-miss
3044 silly fetch manifest @sinonjs/fake-timers@^10.0.2
3045 silly packumentCache full:https://registry.npmjs.org/@sinonjs%2ffake-timers cache-miss
3046 http fetch GET 200 https://registry.npmjs.org/jest-message-util 46ms (cache revalidated)
3047 silly packumentCache full:https://registry.npmjs.org/jest-message-util set size:512478 disposed:false
3048 http fetch GET 200 https://registry.npmjs.org/@sinonjs%2ffake-timers 71ms (cache revalidated)
3049 silly packumentCache full:https://registry.npmjs.org/@sinonjs%2ffake-timers set size:310139 disposed:false
3050 silly placeDep ROOT @sinonjs/fake-timers@10.3.0 OK for: @jest/fake-timers@29.7.0 want: ^10.0.2
3051 silly placeDep ROOT jest-message-util@29.7.0 OK for: @jest/fake-timers@29.7.0 want: ^29.7.0
3052 silly fetch manifest @sinonjs/commons@^3.0.0
3053 silly packumentCache full:https://registry.npmjs.org/@sinonjs%2fcommons cache-miss
3054 silly fetch manifest stack-utils@^2.0.3
3055 silly packumentCache full:https://registry.npmjs.org/stack-utils cache-miss
3056 silly fetch manifest @babel/code-frame@^7.12.13
3057 silly packumentCache full:https://registry.npmjs.org/@babel%2fcode-frame cache-hit
3058 silly fetch manifest @types/stack-utils@^2.0.0
3059 silly packumentCache full:https://registry.npmjs.org/@types%2fstack-utils cache-miss
3060 http fetch GET 200 https://registry.npmjs.org/@types%2fstack-utils 100ms (cache revalidated)
3061 silly packumentCache full:https://registry.npmjs.org/@types%2fstack-utils set size:11605 disposed:false
3062 http fetch GET 200 https://registry.npmjs.org/@sinonjs%2fcommons 102ms (cache revalidated)
3063 silly packumentCache full:https://registry.npmjs.org/@sinonjs%2fcommons set size:84818 disposed:false
3064 http fetch GET 200 https://registry.npmjs.org/stack-utils 142ms (cache revalidated)
3065 silly packumentCache full:https://registry.npmjs.org/stack-utils set size:60586 disposed:false
3066 silly placeDep ROOT @sinonjs/commons@3.0.1 OK for: @sinonjs/fake-timers@10.3.0 want: ^3.0.0
3067 silly fetch manifest type-detect@4.0.8
3068 silly packumentCache full:https://registry.npmjs.org/type-detect cache-miss
3069 http fetch GET 200 https://registry.npmjs.org/type-detect 52ms (cache revalidated)
3070 silly packumentCache full:https://registry.npmjs.org/type-detect set size:58804 disposed:false
3071 silly placeDep ROOT type-detect@4.0.8 OK for: @sinonjs/commons@3.0.1 want: 4.0.8
3072 silly placeDep ROOT @types/graceful-fs@4.1.9 OK for: jest-haste-map@29.7.0 want: ^4.1.3
3073 silly placeDep ROOT anymatch@3.1.3 OK for: jest-haste-map@29.7.0 want: ^3.0.3
3074 silly placeDep ROOT fsevents@2.3.3 OK for: jest-haste-map@29.7.0 want: ^2.3.2
3075 silly fetch manifest picomatch@^2.0.4
3076 silly packumentCache full:https://registry.npmjs.org/picomatch cache-hit
3077 silly fetch manifest normalize-path@^3.0.0
3078 silly packumentCache full:https://registry.npmjs.org/normalize-path cache-miss
3079 http fetch GET 200 https://registry.npmjs.org/normalize-path 131ms (cache revalidated)
3080 silly packumentCache full:https://registry.npmjs.org/normalize-path set size:28713 disposed:false
3081 silly placeDep ROOT normalize-path@3.0.0 OK for: anymatch@3.1.3 want: ^3.0.0
3082 silly placeDep node_modules/anymatch picomatch@2.3.1 OK for: anymatch@3.1.3 want: ^2.0.4
3083 silly placeDep node_modules/jest-message-util @babel/code-frame@7.27.1 OK for: jest-message-util@29.7.0 want: ^7.12.13
3084 silly placeDep ROOT @types/stack-utils@2.0.3 OK for: jest-message-util@29.7.0 want: ^2.0.0
3085 silly placeDep ROOT stack-utils@2.0.6 OK for: jest-message-util@29.7.0 want: ^2.0.3
3086 silly fetch manifest escape-string-regexp@^2.0.0
3087 silly packumentCache full:https://registry.npmjs.org/escape-string-regexp cache-hit
3088 silly placeDep ROOT asap@2.0.6 OK for: promise@8.3.0 want: ~2.0.6
3089 silly placeDep ROOT shell-quote@1.8.3 OK for: react-devtools-core@6.1.5 want: ^1.6.1
3090 silly placeDep node_modules/react-devtools-core ws@7.5.10 OK for: react-devtools-core@6.1.5 want: ^7
3091 silly placeDep ROOT regenerate@1.4.2 OK for: regexpu-core@6.4.0 want: ^1.4.2
3092 silly placeDep ROOT regenerate-unicode-properties@10.2.2 OK for: regexpu-core@6.4.0 want: ^10.2.2
3093 silly placeDep ROOT regjsgen@0.8.0 OK for: regexpu-core@6.4.0 want: ^0.8.0
3094 silly placeDep ROOT regjsparser@0.13.0 OK for: regexpu-core@6.4.0 want: ^0.13.0
3095 silly placeDep ROOT unicode-match-property-ecmascript@2.0.0 OK for: regexpu-core@6.4.0 want: ^2.0.0
3096 silly placeDep ROOT unicode-match-property-value-ecmascript@2.2.1 OK for: regexpu-core@6.4.0 want: ^2.2.1
3097 silly fetch manifest unicode-canonical-property-names-ecmascript@^2.0.0
3098 silly packumentCache full:https://registry.npmjs.org/unicode-canonical-property-names-ecmascript cache-miss
3099 silly fetch manifest unicode-property-aliases-ecmascript@^2.0.0
3100 silly packumentCache full:https://registry.npmjs.org/unicode-property-aliases-ecmascript cache-miss
3101 http fetch GET 200 https://registry.npmjs.org/unicode-property-aliases-ecmascript 43ms (cache revalidated)
3102 silly packumentCache full:https://registry.npmjs.org/unicode-property-aliases-ecmascript set size:28095 disposed:false
3103 http fetch GET 200 https://registry.npmjs.org/unicode-canonical-property-names-ecmascript 51ms (cache revalidated)
3104 silly packumentCache full:https://registry.npmjs.org/unicode-canonical-property-names-ecmascript set size:17227 disposed:false
3105 silly placeDep ROOT nested-error-stacks@2.0.1 OK for: requireg@0.2.2 want: ~2.0.1
3106 silly placeDep ROOT rc@1.2.8 OK for: requireg@0.2.2 want: ~1.2.7
3107 silly placeDep node_modules/requireg resolve@1.7.1 OK for: requireg@0.2.2 want: ~1.7.1
3108 silly fetch manifest ini@~1.3.0
3109 silly packumentCache full:https://registry.npmjs.org/ini cache-miss
3110 silly fetch manifest minimist@^1.2.0
3111 silly packumentCache full:https://registry.npmjs.org/minimist cache-miss
3112 silly fetch manifest deep-extend@^0.6.0
3113 silly packumentCache full:https://registry.npmjs.org/deep-extend cache-miss
3114 silly fetch manifest strip-json-comments@~2.0.1
3115 silly packumentCache full:https://registry.npmjs.org/strip-json-comments cache-miss
3116 silly fetch manifest path-parse@^1.0.5
3117 silly packumentCache full:https://registry.npmjs.org/path-parse cache-hit
3118 http fetch GET 200 https://registry.npmjs.org/strip-json-comments 47ms (cache revalidated)
3119 silly packumentCache full:https://registry.npmjs.org/strip-json-comments set size:43569 disposed:false
3120 http fetch GET 200 https://registry.npmjs.org/minimist 49ms (cache revalidated)
3121 silly packumentCache full:https://registry.npmjs.org/minimist set size:77097 disposed:false
3122 http fetch GET 200 https://registry.npmjs.org/ini 52ms (cache revalidated)
3123 silly packumentCache full:https://registry.npmjs.org/ini set size:54653 disposed:false
3124 http fetch GET 200 https://registry.npmjs.org/deep-extend 54ms (cache revalidated)
3125 silly packumentCache full:https://registry.npmjs.org/deep-extend set size:34472 disposed:false
3126 silly placeDep ROOT deep-extend@0.6.0 OK for: rc@1.2.8 want: ^0.6.0
3127 silly placeDep ROOT ini@1.3.8 OK for: rc@1.2.8 want: ~1.3.0
3128 silly placeDep ROOT minimist@1.2.8 OK for: rc@1.2.8 want: ^1.2.0
3129 silly placeDep ROOT strip-json-comments@2.0.1 OK for: rc@1.2.8 want: ~2.0.1
3130 silly placeDep ROOT is-core-module@2.16.1 OK for: resolve@1.22.10 want: ^2.16.0
3131 silly placeDep ROOT path-parse@1.0.7 OK for: resolve@1.22.10 want: ^1.0.7
3132 silly placeDep ROOT supports-preserve-symlinks-flag@1.0.0 OK for: resolve@1.22.10 want: ^1.0.0
3133 silly fetch manifest hasown@^2.0.2
3134 silly packumentCache full:https://registry.npmjs.org/hasown cache-miss
3135 http fetch GET 200 https://registry.npmjs.org/hasown 40ms (cache revalidated)
3136 silly packumentCache full:https://registry.npmjs.org/hasown set size:12476 disposed:false
3137 silly placeDep ROOT hasown@2.0.2 OK for: is-core-module@2.16.1 want: ^2.0.2
3138 silly fetch manifest function-bind@^1.1.2
3139 silly packumentCache full:https://registry.npmjs.org/function-bind cache-miss
3140 http fetch GET 200 https://registry.npmjs.org/function-bind 122ms (cache revalidated)
3141 silly packumentCache full:https://registry.npmjs.org/function-bind set size:15733 disposed:false
3142 silly placeDep ROOT function-bind@1.1.2 OK for: hasown@2.0.2 want: ^1.1.2
3143 silly placeDep ROOT global-dirs@0.1.1 OK for: resolve-global@1.0.0 want: ^0.1.1
3144 silly placeDep ROOT onetime@2.0.1 OK for: restore-cursor@2.0.0 want: ^2.0.0
3145 silly placeDep node_modules/restore-cursor signal-exit@3.0.7 OK for: restore-cursor@2.0.0 want: ^3.0.2
3146 silly fetch manifest mimic-fn@^1.0.0
3147 silly packumentCache full:https://registry.npmjs.org/mimic-fn cache-miss
3148 http fetch GET 200 https://registry.npmjs.org/mimic-fn 46ms (cache revalidated)
3149 silly packumentCache full:https://registry.npmjs.org/mimic-fn set size:22257 disposed:false
3150 silly placeDep ROOT mimic-fn@1.2.0 OK for: onetime@2.0.1 want: ^1.0.0
3151 silly placeDep node_modules/rimraf glob@7.2.3 OK for: rimraf@3.0.2 want: ^7.1.3
3152 silly placeDep node_modules/send debug@2.6.9 OK for: send@0.19.1 want: 2.6.9
3153 silly placeDep ROOT depd@2.0.0 OK for: send@0.19.1 want: 2.0.0
3154 silly placeDep ROOT destroy@1.2.0 OK for: send@0.19.1 want: 1.2.0
3155 silly placeDep node_modules/send encodeurl@2.0.0 OK for: send@0.19.1 want: ~2.0.0
3156 silly placeDep ROOT etag@1.8.1 OK for: send@0.19.1 want: ~1.8.1
3157 silly placeDep ROOT fresh@0.5.2 OK for: send@0.19.1 want: 0.5.2
3158 silly placeDep ROOT http-errors@2.0.0 OK for: send@0.19.1 want: 2.0.0
3159 silly placeDep ROOT mime@1.6.0 OK for: send@0.19.1 want: 1.6.0
3160 silly placeDep node_modules/send on-finished@2.4.1 OK for: send@0.19.1 want: 2.4.1
3161 silly placeDep ROOT range-parser@1.2.1 OK for: send@0.19.1 want: ~1.2.1
3162 silly placeDep node_modules/send statuses@2.0.1 OK for: send@0.19.1 want: 2.0.1
3163 silly fetch manifest toidentifier@1.0.1
3164 silly packumentCache full:https://registry.npmjs.org/toidentifier cache-miss
3165 silly fetch manifest setprototypeof@1.2.0
3166 silly packumentCache full:https://registry.npmjs.org/setprototypeof cache-miss
3167 http fetch GET 200 https://registry.npmjs.org/toidentifier 131ms (cache revalidated)
3168 silly packumentCache full:https://registry.npmjs.org/toidentifier set size:12006 disposed:false
3169 http fetch GET 200 https://registry.npmjs.org/setprototypeof 131ms (cache revalidated)
3170 silly packumentCache full:https://registry.npmjs.org/setprototypeof set size:14532 disposed:false
3171 silly placeDep ROOT setprototypeof@1.2.0 OK for: http-errors@2.0.0 want: 1.2.0
3172 silly placeDep node_modules/http-errors statuses@2.0.1 OK for: http-errors@2.0.0 want: 2.0.1
3173 silly placeDep ROOT toidentifier@1.0.1 OK for: http-errors@2.0.0 want: 1.0.1
3174 silly placeDep node_modules/serve-static encodeurl@2.0.0 OK for: serve-static@1.16.2 want: ~2.0.0
3175 silly placeDep node_modules/serve-static send@0.19.0 OK for: serve-static@1.16.2 want: 0.19.0
3176 silly placeDep ROOT shebang-regex@3.0.0 OK for: shebang-command@2.0.0 want: ^3.0.0
3177 silly placeDep ROOT buffer-from@1.1.2 OK for: source-map-support@0.5.21 want: ^1.0.0
3178 silly placeDep node_modules/source-map-support source-map@0.6.1 OK for: source-map-support@0.5.21 want: ^0.6.0
3179 silly placeDep node_modules/stack-utils escape-string-regexp@2.0.0 OK for: stack-utils@2.0.6 want: ^2.0.0
3180 silly placeDep ROOT type-fest@0.7.1 OK for: stacktrace-parser@0.1.11 want: ^0.7.1
3181 silly placeDep ROOT eastasianwidth@0.2.0 OK for: string-width@5.1.2 want: ^0.2.0
3182 silly placeDep ROOT emoji-regex@9.2.2 OK for: string-width@5.1.2 want: ^9.2.2
3183 silly placeDep node_modules/string-width-cjs emoji-regex@8.0.0 OK for: string-width@4.2.3 want: ^8.0.0
3184 silly placeDep ROOT is-fullwidth-code-point@3.0.0 OK for: string-width@4.2.3 want: ^3.0.0
3185 silly placeDep node_modules/string-width-cjs strip-ansi@6.0.1 OK for: string-width@4.2.3 want: ^6.0.1
3186 silly placeDep node_modules/strip-ansi ansi-regex@6.2.2 OK for: strip-ansi@7.1.2 want: ^6.0.1
3187 silly placeDep node_modules/sucrase commander@4.1.1 OK for: sucrase@3.35.0 want: ^4.0.0
3188 silly placeDep ROOT lines-and-columns@1.2.4 OK for: sucrase@3.35.0 want: ^1.1.6
3189 silly placeDep ROOT mz@2.7.0 OK for: sucrase@3.35.0 want: ^2.7.0
3190 silly placeDep ROOT ts-interface-checker@0.1.13 OK for: sucrase@3.35.0 want: ^0.1.9
3191 silly fetch manifest any-promise@^1.0.0
3192 silly packumentCache full:https://registry.npmjs.org/any-promise cache-miss
3193 silly fetch manifest object-assign@^4.0.1
3194 silly packumentCache full:https://registry.npmjs.org/object-assign cache-miss
3195 silly fetch manifest thenify-all@^1.0.0
3196 silly packumentCache full:https://registry.npmjs.org/thenify-all cache-miss
3197 http fetch GET 200 https://registry.npmjs.org/object-assign 41ms (cache revalidated)
3198 silly packumentCache full:https://registry.npmjs.org/object-assign set size:28988 disposed:false
3199 http fetch GET 200 https://registry.npmjs.org/thenify-all 44ms (cache revalidated)
3200 silly packumentCache full:https://registry.npmjs.org/thenify-all set size:18488 disposed:false
3201 http fetch GET 200 https://registry.npmjs.org/any-promise 48ms (cache revalidated)
3202 silly packumentCache full:https://registry.npmjs.org/any-promise set size:20233 disposed:false
3203 silly placeDep ROOT any-promise@1.3.0 OK for: mz@2.7.0 want: ^1.0.0
3204 silly placeDep ROOT object-assign@4.1.1 OK for: mz@2.7.0 want: ^4.0.1
3205 silly placeDep ROOT thenify-all@1.6.0 OK for: mz@2.7.0 want: ^1.0.0
3206 silly fetch manifest thenify@>= 3.1.0 < 4
3207 silly packumentCache full:https://registry.npmjs.org/thenify cache-miss
3208 http fetch GET 200 https://registry.npmjs.org/thenify 48ms (cache revalidated)
3209 silly packumentCache full:https://registry.npmjs.org/thenify set size:21379 disposed:false
3210 silly placeDep ROOT has-flag@4.0.0 OK for: supports-color@7.2.0 want: ^4.0.0
3211 silly placeDep ROOT @isaacs/fs-minipass@4.0.1 OK for: tar@7.5.1 want: ^4.0.0
3212 silly placeDep ROOT chownr@3.0.0 OK for: tar@7.5.1 want: ^3.0.0
3213 silly placeDep ROOT minizlib@3.1.0 OK for: tar@7.5.1 want: ^3.1.0
3214 silly placeDep node_modules/tar yallist@5.0.0 OK for: tar@7.5.1 want: ^5.0.0
3215 silly placeDep ROOT ansi-escapes@4.3.2 OK for: terminal-link@2.1.1 want: ^4.2.1
3216 silly placeDep ROOT supports-hyperlinks@2.3.0 OK for: terminal-link@2.1.1 want: ^2.0.0
3217 silly fetch manifest type-fest@^0.21.3
3218 silly packumentCache full:https://registry.npmjs.org/type-fest cache-hit
3219 silly placeDep node_modules/ansi-escapes type-fest@0.21.3 OK for: ansi-escapes@4.3.2 want: ^0.21.3
3220 silly placeDep ROOT @jridgewell/source-map@0.3.11 OK for: terser@5.44.0 want: ^0.3.3
3221 silly placeDep ROOT acorn@8.15.0 OK for: terser@5.44.0 want: ^8.15.0
3222 silly placeDep node_modules/terser commander@2.20.3 OK for: terser@5.44.0 want: ^2.20.0
3223 silly placeDep node_modules/test-exclude glob@7.2.3 OK for: test-exclude@6.0.0 want: ^7.1.4
3224 silly placeDep node_modules/test-exclude minimatch@3.1.2 OK for: test-exclude@6.0.0 want: ^3.0.4
3225 silly fetch manifest brace-expansion@^1.1.7
3226 silly packumentCache full:https://registry.npmjs.org/brace-expansion cache-hit
3227 silly placeDep ROOT thenify@3.3.1 OK for: thenify-all@1.6.0 want: >= 3.1.0 < 4
3228 silly placeDep ROOT is-number@7.0.0 OK for: to-regex-range@5.0.1 want: ^7.0.0
3229 silly placeDep ROOT unicode-canonical-property-names-ecmascript@2.0.1 OK for: unicode-match-property-ecmascript@2.0.0 want: ^2.0.0
3230 silly placeDep ROOT unicode-property-aliases-ecmascript@2.2.0 OK for: unicode-match-property-ecmascript@2.0.0 want: ^2.0.0
3231 silly placeDep ROOT crypto-random-string@2.0.0 OK for: unique-string@2.0.0 want: ^2.0.0
3232 silly placeDep ROOT escalade@3.2.0 OK for: update-browserslist-db@1.1.3 want: ^3.2.0
3233 silly placeDep ROOT makeerror@1.0.12 OK for: walker@1.0.8 want: 1.0.12
3234 silly fetch manifest tmpl@1.0.5
3235 silly packumentCache full:https://registry.npmjs.org/tmpl cache-miss
3236 http fetch GET 200 https://registry.npmjs.org/tmpl 48ms (cache revalidated)
3237 silly packumentCache full:https://registry.npmjs.org/tmpl set size:7979 disposed:false
3238 silly placeDep ROOT tmpl@1.0.5 OK for: makeerror@1.0.12 want: 1.0.5
3239 silly placeDep ROOT defaults@1.0.4 OK for: wcwidth@1.0.1 want: ^1.0.3
3240 silly fetch manifest clone@^1.0.2
3241 silly packumentCache full:https://registry.npmjs.org/clone cache-miss
3242 http fetch GET 200 https://registry.npmjs.org/clone 43ms (cache revalidated)
3243 silly packumentCache full:https://registry.npmjs.org/clone set size:82973 disposed:false
3244 silly placeDep ROOT clone@1.0.4 OK for: defaults@1.0.4 want: ^1.0.2
3245 silly placeDep ROOT buffer@5.7.1 OK for: whatwg-url-without-unicode@8.0.0-3 want: ^5.4.3
3246 silly placeDep ROOT punycode@2.3.1 OK for: whatwg-url-without-unicode@8.0.0-3 want: ^2.1.1
3247 silly placeDep ROOT webidl-conversions@5.0.0 OK for: whatwg-url-without-unicode@8.0.0-3 want: ^5.0.0
3248 silly fetch manifest ieee754@^1.1.13
3249 silly packumentCache full:https://registry.npmjs.org/ieee754 cache-miss
3250 http fetch GET 200 https://registry.npmjs.org/ieee754 129ms (cache revalidated)
3251 silly packumentCache full:https://registry.npmjs.org/ieee754 set size:34910 disposed:false
3252 silly placeDep ROOT ieee754@1.2.1 OK for: buffer@5.7.1 want: ^1.1.13
3253 silly placeDep ROOT isexe@2.0.0 OK for: which@2.0.2 want: ^2.0.0
3254 silly placeDep node_modules/wrap-ansi string-width@4.2.3 OK for: wrap-ansi@7.0.0 want: ^4.1.0
3255 silly placeDep node_modules/wrap-ansi strip-ansi@6.0.1 OK for: wrap-ansi@7.0.0 want: ^6.0.0
3256 silly placeDep node_modules/wrap-ansi-cjs string-width@4.2.3 OK for: wrap-ansi@7.0.0 want: ^4.1.0
3257 silly placeDep node_modules/wrap-ansi-cjs strip-ansi@6.0.1 OK for: wrap-ansi@7.0.0 want: ^6.0.0
3258 silly placeDep ROOT imurmurhash@0.1.4 OK for: write-file-atomic@4.0.2 want: ^0.1.4
3259 silly placeDep node_modules/write-file-atomic signal-exit@3.0.7 OK for: write-file-atomic@4.0.2 want: ^3.0.7
3260 silly placeDep ROOT simple-plist@1.3.1 OK for: xcode@3.0.1 want: ^1.1.0
3261 silly placeDep ROOT uuid@7.0.3 OK for: xcode@3.0.1 want: ^7.0.3
3262 silly fetch manifest bplist-parser@0.3.1
3263 silly packumentCache full:https://registry.npmjs.org/bplist-parser cache-hit
3264 silly fetch manifest plist@^3.0.5
3265 silly packumentCache full:https://registry.npmjs.org/plist cache-miss
3266 http fetch GET 200 https://registry.npmjs.org/plist 55ms (cache revalidated)
3267 silly packumentCache full:https://registry.npmjs.org/plist set size:52877 disposed:false
3268 silly placeDep node_modules/simple-plist bplist-parser@0.3.1 OK for: simple-plist@1.3.1 want: 0.3.1
3269 silly placeDep ROOT plist@3.1.0 OK for: simple-plist@1.3.1 want: ^3.0.5
3270 silly placeDep ROOT sax@1.4.1 OK for: xml2js@0.6.0 want: >=0.6.0
3271 silly placeDep node_modules/xml2js xmlbuilder@11.0.1 OK for: xml2js@0.6.0 want: ~11.0.0
3272 silly placeDep ROOT cliui@8.0.1 OK for: yargs@17.7.2 want: ^8.0.1
3273 silly placeDep ROOT get-caller-file@2.0.5 OK for: yargs@17.7.2 want: ^2.0.5
3274 silly placeDep ROOT require-directory@2.1.1 OK for: yargs@17.7.2 want: ^2.1.1
3275 silly placeDep node_modules/yargs string-width@4.2.3 OK for: yargs@17.7.2 want: ^4.2.3
3276 silly placeDep ROOT y18n@5.0.8 OK for: yargs@17.7.2 want: ^5.0.5
3277 silly placeDep ROOT yargs-parser@21.1.1 OK for: yargs@17.7.2 want: ^21.1.1
3278 silly fetch manifest string-width@^4.2.0
3279 silly packumentCache full:https://registry.npmjs.org/string-width cache-hit
3280 silly placeDep node_modules/cliui string-width@4.2.3 OK for: cliui@8.0.1 want: ^4.2.0
3281 silly placeDep node_modules/cliui strip-ansi@6.0.1 OK for: cliui@8.0.1 want: ^6.0.1
3282 silly placeDep node_modules/@babel/highlight ansi-styles@3.2.1 OK for: chalk@2.4.2 want: ^3.2.1
3283 silly placeDep node_modules/@babel/highlight escape-string-regexp@1.0.5 OK for: chalk@2.4.2 want: ^1.0.5
3284 silly placeDep node_modules/@babel/highlight supports-color@5.5.0 OK for: chalk@2.4.2 want: ^5.3.0
3285 silly fetch manifest color-convert@^1.9.0
3286 silly packumentCache full:https://registry.npmjs.org/color-convert cache-hit
3287 silly fetch manifest has-flag@^3.0.0
3288 silly packumentCache full:https://registry.npmjs.org/has-flag cache-hit
3289 silly placeDep node_modules/@babel/highlight color-convert@1.9.3 OK for: ansi-styles@3.2.1 want: ^1.9.0
3290 silly fetch manifest color-name@1.1.3
3291 silly packumentCache full:https://registry.npmjs.org/color-name cache-hit
3292 silly placeDep node_modules/@babel/highlight color-name@1.1.3 OK for: color-convert@1.9.3 want: 1.1.3
3293 silly placeDep node_modules/@babel/highlight has-flag@3.0.0 OK for: supports-color@5.5.0 want: ^3.0.0
3294 silly placeDep node_modules/@isaacs/cliui ansi-styles@6.2.3 OK for: wrap-ansi@8.1.0 want: ^6.1.0
3295 silly placeDep node_modules/@istanbuljs/load-nyc-config locate-path@5.0.0 OK for: find-up@4.1.0 want: ^5.0.0
3296 silly fetch manifest p-locate@^4.1.0
3297 silly packumentCache full:https://registry.npmjs.org/p-locate cache-hit
3298 silly placeDep node_modules/@istanbuljs/load-nyc-config argparse@1.0.10 OK for: js-yaml@3.14.1 want: ^1.0.7
3299 silly placeDep ROOT esprima@4.0.1 OK for: js-yaml@3.14.1 want: ^4.0.0
3300 silly fetch manifest sprintf-js@~1.0.2
3301 silly packumentCache full:https://registry.npmjs.org/sprintf-js cache-miss
3302 http fetch GET 200 https://registry.npmjs.org/sprintf-js 111ms (cache revalidated)
3303 silly packumentCache full:https://registry.npmjs.org/sprintf-js set size:20495 disposed:false
3304 silly placeDep ROOT sprintf-js@1.0.3 OK for: argparse@1.0.10 want: ~1.0.2
3305 silly placeDep node_modules/@istanbuljs/load-nyc-config p-locate@4.1.0 OK for: locate-path@5.0.0 want: ^4.1.0
3306 silly fetch manifest p-limit@^2.2.0
3307 silly packumentCache full:https://registry.npmjs.org/p-limit cache-hit
3308 silly placeDep node_modules/@istanbuljs/load-nyc-config p-limit@2.3.0 OK for: p-locate@4.1.0 want: ^2.2.0
3309 silly fetch manifest p-try@^2.0.0
3310 silly packumentCache full:https://registry.npmjs.org/p-try cache-miss
3311 http fetch GET 200 https://registry.npmjs.org/p-try 43ms (cache revalidated)
3312 silly packumentCache full:https://registry.npmjs.org/p-try set size:13014 disposed:false
3313 silly placeDep ROOT p-try@2.2.0 OK for: p-limit@2.3.0 want: ^2.0.0
3314 silly placeDep ROOT fs.realpath@1.0.0 OK for: glob@7.2.3 want: ^1.0.0
3315 silly placeDep ROOT inflight@1.0.6 OK for: glob@7.2.3 want: ^1.0.4
3316 silly placeDep node_modules/@react-native/codegen minimatch@3.1.2 OK for: glob@7.2.3 want: ^3.1.1
3317 silly placeDep ROOT once@1.4.0 OK for: glob@7.2.3 want: ^1.3.0
3318 silly placeDep ROOT path-is-absolute@1.0.1 OK for: glob@7.2.3 want: ^1.0.0
3319 silly fetch manifest wrappy@1
3320 silly packumentCache full:https://registry.npmjs.org/wrappy cache-miss
3321 silly fetch manifest wrappy@1
3322 silly packumentCache full:https://registry.npmjs.org/wrappy cache-miss
3323 http fetch GET 200 https://registry.npmjs.org/wrappy 46ms (cache revalidated)
3324 silly packumentCache full:https://registry.npmjs.org/wrappy set size:7682 disposed:false
3325 http fetch GET 200 https://registry.npmjs.org/wrappy 48ms (cache revalidated)
3326 silly packumentCache full:https://registry.npmjs.org/wrappy set size:7682 disposed:false
3327 silly packumentCache full:https://registry.npmjs.org/wrappy dispose
3328 silly placeDep ROOT wrappy@1.0.2 OK for: inflight@1.0.6 want: 1
3329 silly placeDep node_modules/@react-native/codegen brace-expansion@1.1.12 OK for: minimatch@3.1.2 want: ^1.1.7
3330 silly fetch manifest concat-map@0.0.1
3331 silly packumentCache full:https://registry.npmjs.org/concat-map cache-miss
3332 http fetch GET 200 https://registry.npmjs.org/concat-map 41ms (cache revalidated)
3333 silly packumentCache full:https://registry.npmjs.org/concat-map set size:9290 disposed:false
3334 silly placeDep ROOT concat-map@0.0.1 OK for: brace-expansion@1.1.12 want: 0.0.1
3335 silly placeDep node_modules/@react-native/community-cli-plugin @react-native/debugger-frontend@0.82.0 OK for: @react-native/dev-middleware@0.82.0 want: 0.82.0
3336 silly placeDep ROOT @react-native/debugger-shell@0.82.0 OK for: @react-native/dev-middleware@0.82.0 want: 0.82.0
3337 silly placeDep node_modules/@react-native/community-cli-plugin ws@6.2.3 OK for: @react-native/dev-middleware@0.82.0 want: ^6.2.3
3338 silly fetch manifest fb-dotslash@0.5.8
3339 silly packumentCache full:https://registry.npmjs.org/fb-dotslash cache-miss
3340 http fetch GET 200 https://registry.npmjs.org/fb-dotslash 48ms (cache miss)
3341 silly packumentCache full:https://registry.npmjs.org/fb-dotslash set size:undefined disposed:false
3342 silly placeDep ROOT fb-dotslash@0.5.8 OK for: @react-native/debugger-shell@0.82.0 want: 0.5.8
3343 silly placeDep ROOT async-limiter@1.0.1 OK for: ws@6.2.3 want: ~1.0.0
3344 silly placeDep ROOT define-lazy-prop@2.0.0 OK for: open@8.4.2 want: ^2.0.0
3345 silly placeDep node_modules/cliui emoji-regex@8.0.0 OK for: string-width@4.2.3 want: ^8.0.0
3346 silly placeDep node_modules/compression ms@2.0.0 OK for: debug@2.6.9 want: 2.0.0
3347 silly placeDep node_modules/connect ms@2.0.0 OK for: debug@2.6.9 want: 2.0.0
3348 silly placeDep node_modules/cosmiconfig argparse@1.0.10 OK for: js-yaml@3.14.1 want: ^1.0.7
3349 silly placeDep node_modules/finalhandler ms@2.0.0 OK for: debug@2.6.9 want: 2.0.0
3350 silly placeDep node_modules/lighthouse-logger ms@2.0.0 OK for: debug@2.6.9 want: 2.0.0
3351 silly placeDep node_modules/log-symbols ansi-styles@3.2.1 OK for: chalk@2.4.2 want: ^3.2.1
3352 silly placeDep node_modules/log-symbols escape-string-regexp@1.0.5 OK for: chalk@2.4.2 want: ^1.0.5
3353 silly placeDep node_modules/log-symbols supports-color@5.5.0 OK for: chalk@2.4.2 want: ^5.3.0
3354 silly placeDep node_modules/log-symbols color-convert@1.9.3 OK for: ansi-styles@3.2.1 want: ^1.9.0
3355 silly placeDep node_modules/log-symbols color-name@1.1.3 OK for: color-convert@1.9.3 want: 1.1.3
3356 silly placeDep node_modules/log-symbols has-flag@3.0.0 OK for: supports-color@5.5.0 want: ^3.0.0
3357 silly placeDep node_modules/ora ansi-styles@3.2.1 OK for: chalk@2.4.2 want: ^3.2.1
3358 silly placeDep node_modules/ora escape-string-regexp@1.0.5 OK for: chalk@2.4.2 want: ^1.0.5
3359 silly placeDep node_modules/ora supports-color@5.5.0 OK for: chalk@2.4.2 want: ^5.3.0
3360 silly placeDep node_modules/ora color-convert@1.9.3 OK for: ansi-styles@3.2.1 want: ^1.9.0
3361 silly placeDep node_modules/ora color-name@1.1.3 OK for: color-convert@1.9.3 want: 1.1.3
3362 silly placeDep node_modules/ora ansi-regex@4.1.1 OK for: strip-ansi@5.2.0 want: ^4.1.0
3363 silly placeDep node_modules/ora has-flag@3.0.0 OK for: supports-color@5.5.0 want: ^3.0.0
3364 silly placeDep node_modules/react-native hermes-parser@0.32.0 OK for: @react-native/codegen@0.82.0 want: 0.32.0
3365 silly fetch manifest hermes-estree@0.32.0
3366 silly packumentCache full:https://registry.npmjs.org/hermes-estree cache-hit
3367 silly placeDep node_modules/react-native minimatch@3.1.2 OK for: glob@7.2.3 want: ^3.1.1
3368 silly placeDep node_modules/react-native hermes-estree@0.32.0 OK for: hermes-parser@0.32.0 want: 0.32.0
3369 silly placeDep node_modules/react-native brace-expansion@1.1.12 OK for: minimatch@3.1.2 want: ^1.1.7
3370 silly placeDep node_modules/rimraf minimatch@3.1.2 OK for: glob@7.2.3 want: ^3.1.1
3371 silly placeDep node_modules/rimraf brace-expansion@1.1.12 OK for: minimatch@3.1.2 want: ^1.1.7
3372 silly placeDep node_modules/send/node_modules/debug ms@2.0.0 OK for: debug@2.6.9 want: 2.0.0
3373 silly placeDep node_modules/serve-static debug@2.6.9 OK for: send@0.19.0 want: 2.6.9
3374 silly placeDep node_modules/serve-static/node_modules/send encodeurl@1.0.2 OK for: send@0.19.0 want: ~1.0.2
3375 silly placeDep node_modules/serve-static on-finished@2.4.1 OK for: send@0.19.0 want: 2.4.1
3376 silly placeDep node_modules/serve-static statuses@2.0.1 OK for: send@0.19.0 want: 2.0.1
3377 silly placeDep node_modules/serve-static/node_modules/debug ms@2.0.0 OK for: debug@2.6.9 want: 2.0.0
3378 silly placeDep node_modules/test-exclude brace-expansion@1.1.12 OK for: minimatch@3.1.2 want: ^1.1.7
3379 silly placeDep node_modules/wrap-ansi-cjs emoji-regex@8.0.0 OK for: string-width@4.2.3 want: ^8.0.0
3380 silly placeDep node_modules/wrap-ansi emoji-regex@8.0.0 OK for: string-width@4.2.3 want: ^8.0.0
3381 silly placeDep node_modules/yargs emoji-regex@8.0.0 OK for: string-width@4.2.3 want: ^8.0.0
3382 silly placeDep node_modules/yargs strip-ansi@6.0.1 OK for: string-width@4.2.3 want: ^6.0.1
3383 silly reify moves {}
3384 silly audit bulk request {
3384 silly audit   expo: [ '54.0.13' ],
3384 silly audit   react: [ '19.2.0' ],
3384 silly audit   'react-native': [ '0.82.0' ],
3384 silly audit   '@babel/runtime': [ '7.28.4' ],
3384 silly audit   '@expo/cli': [ '54.0.11' ],
3384 silly audit   '@expo/config': [ '12.0.10' ],
3384 silly audit   '@expo/config-plugins': [ '54.0.2' ],
3384 silly audit   '@expo/devtools': [ '0.1.7' ],
3384 silly audit   '@expo/fingerprint': [ '0.15.1' ],
3384 silly audit   '@expo/metro': [ '54.0.0' ],
3384 silly audit   '@expo/metro-config': [ '54.0.6' ],
3384 silly audit   '@expo/vector-icons': [ '15.0.2' ],
3384 silly audit   'expo-font': [ '14.0.9' ],
3384 silly audit   '@ungap/structured-clone': [ '1.3.0' ],
3384 silly audit   'babel-preset-expo': [ '54.0.4' ],
3384 silly audit   'react-refresh': [ '0.14.2' ],
3384 silly audit   'expo-asset': [ '12.0.9' ],
3384 silly audit   'expo-constants': [ '18.0.9' ],
3384 silly audit   'expo-file-system': [ '19.0.17' ],
3384 silly audit   'expo-keep-awake': [ '15.0.7' ],
3384 silly audit   'expo-modules-autolinking': [ '3.0.15' ],
3384 silly audit   'expo-modules-core': [ '3.0.21' ],
3384 silly audit   'pretty-format': [ '29.7.0' ],
3384 silly audit   'whatwg-url-without-unicode': [ '8.0.0-3' ],
3384 silly audit   '@0no-co/graphql.web': [ '1.2.0' ],
3384 silly audit   '@expo/code-signing-certificates': [ '0.0.5' ],
3384 silly audit   '@expo/devcert': [ '1.2.0' ],
3384 silly audit   '@expo/env': [ '2.0.7' ],
3384 silly audit   '@expo/image-utils': [ '0.8.7' ],
3384 silly audit   '@expo/json-file': [ '10.0.7' ],
3384 silly audit   '@expo/mcp-tunnel': [ '0.0.8' ],
3384 silly audit   '@expo/osascript': [ '2.3.7' ],
3384 silly audit   '@expo/package-manager': [ '1.9.8' ],
3384 silly audit   '@expo/plist': [ '0.4.7' ],
3384 silly audit   '@expo/prebuild-config': [ '54.0.5' ],
3384 silly audit   '@expo/schema-utils': [ '0.1.7' ],
3384 silly audit   '@expo/spawn-async': [ '1.7.2' ],
3384 silly audit   '@expo/ws-tunnel': [ '1.0.6' ],
3384 silly audit   '@expo/xcpretty': [ '4.3.2' ],
3384 silly audit   '@react-native/dev-middleware': [ '0.81.4', '0.82.0' ],
3384 silly audit   '@urql/core': [ '5.2.0' ],
3384 silly audit   '@urql/exchange-retry': [ '1.3.2' ],
3384 silly audit   accepts: [ '1.3.8' ],
3384 silly audit   arg: [ '5.0.2' ],
3384 silly audit   'better-opn': [ '3.0.2' ],
3384 silly audit   'bplist-creator': [ '0.1.0' ],
3384 silly audit   'bplist-parser': [ '0.3.2', '0.3.1' ],
3384 silly audit   chalk: [ '4.1.2', '2.4.2' ],
3384 silly audit   'ci-info': [ '3.9.0', '2.0.0' ],
3384 silly audit   compression: [ '1.8.1' ],
3384 silly audit   connect: [ '3.7.0' ],
3384 silly audit   debug: [ '4.4.3', '3.2.7', '2.6.9' ],
3384 silly audit   'env-editor': [ '0.4.2' ],
3384 silly audit   'expo-server': [ '1.0.1' ],
3384 silly audit   'freeport-async': [ '2.0.0' ],
3384 silly audit   getenv: [ '2.0.0' ],
3384 silly audit   glob: [ '10.4.5', '7.2.3' ],
3384 silly audit   'lan-network': [ '0.1.7' ],
3384 silly audit   minimatch: [ '9.0.5', '3.1.2' ],
3384 silly audit   'node-forge': [ '1.3.1' ],
3384 silly audit   'npm-package-arg': [ '11.0.3' ],
3384 silly audit   ora: [ '3.4.0' ],
3384 silly audit   picomatch: [ '3.0.1', '2.3.1' ],
3384 silly audit   'pretty-bytes': [ '5.6.0' ],
3384 silly audit   progress: [ '2.0.3' ],
3384 silly audit   prompts: [ '2.4.2' ],
3384 silly audit   'qrcode-terminal': [ '0.11.0' ],
3384 silly audit   'require-from-string': [ '2.0.2' ],
3384 silly audit   requireg: [ '0.2.2' ],
3384 silly audit   resolve: [ '1.22.10', '1.7.1' ],
3384 silly audit   'resolve-from': [ '5.0.0', '3.0.0' ],
3384 silly audit   'resolve.exports': [ '2.0.3' ],
3384 silly audit   semver: [ '7.7.3', '6.3.1' ],
3384 silly audit   send: [ '0.19.1', '0.19.0' ],
3384 silly audit   slugify: [ '1.6.6' ],
3384 silly audit   'source-map-support': [ '0.5.21' ],
3384 silly audit   'stacktrace-parser': [ '0.1.11' ],
3384 silly audit   'structured-headers': [ '0.4.1' ],
3384 silly audit   tar: [ '7.5.1' ],
3384 silly audit   'terminal-link': [ '2.1.1' ],
3384 silly audit   undici: [ '6.22.0' ],
3384 silly audit   'wrap-ansi': [ '7.0.0', '8.1.0' ],
3384 silly audit   ws: [ '8.18.3', '6.2.3', '7.5.10' ],
3384 silly audit   nullthrows: [ '1.1.1' ],
3384 silly audit   '@babel/code-frame': [ '7.10.4', '7.27.1' ],
3384 silly audit   '@expo/config-types': [ '54.0.8' ],
3384 silly audit   deepmerge: [ '4.3.1' ],
3384 silly audit   'resolve-workspace-root': [ '2.0.0' ],
3384 silly audit   sucrase: [ '3.35.0' ],
3384 silly audit   '@babel/highlight': [ '7.25.9' ],
3384 silly audit   '@babel/helper-validator-identifier': [ '7.27.1' ],
3384 silly audit   'js-tokens': [ '4.0.0' ],
3384 silly audit   picocolors: [ '1.1.1' ],
3384 silly audit   '@expo/sdk-runtime-versions': [ '1.0.0' ],
3384 silly audit   slash: [ '3.0.0' ],
3384 silly audit   xcode: [ '3.0.1' ],
3384 silly audit   xml2js: [ '0.6.0' ],
3384 silly audit   '@expo/sudo-prompt': [ '9.3.2' ],
3384 silly audit   dotenv: [ '16.4.7' ],
3384 silly audit   'dotenv-expand': [ '11.0.7' ],
3384 silly audit   ignore: [ '5.3.2' ],
3384 silly audit   'p-limit': [ '3.1.0', '2.3.0' ],
3384 silly audit   'jimp-compact': [ '0.16.1' ],
3384 silly audit   'parse-png': [ '2.1.0' ],
3384 silly audit   'resolve-global': [ '1.0.0' ],
3384 silly audit   'temp-dir': [ '2.0.0' ],
3384 silly audit   'unique-string': [ '2.0.0' ],
3384 silly audit   json5: [ '2.2.3' ],
3384 silly audit   zod: [ '3.25.76' ],
3384 silly audit   'zod-to-json-schema': [ '3.24.6' ],
3384 silly audit   metro: [ '0.83.1' ],
3384 silly audit   'metro-babel-transformer': [ '0.83.1' ],
3384 silly audit   'metro-cache': [ '0.83.1' ],
3384 silly audit   'metro-cache-key': [ '0.83.1' ],
3384 silly audit   'metro-config': [ '0.83.1' ],
3384 silly audit   'metro-core': [ '0.83.1' ],
3384 silly audit   'metro-file-map': [ '0.83.1' ],
3384 silly audit   'metro-resolver': [ '0.83.1' ],
3384 silly audit   'metro-runtime': [ '0.83.1' ],
3384 silly audit   'metro-source-map': [ '0.83.1' ],
3384 silly audit   'metro-transform-plugins': [ '0.83.1' ],
3384 silly audit   'metro-transform-worker': [ '0.83.1' ],
3384 silly audit   '@babel/core': [ '7.28.4' ],
3384 silly audit   '@babel/generator': [ '7.28.3' ],
3384 silly audit   browserslist: [ '4.26.3' ],
3384 silly audit   'hermes-parser': [ '0.29.1', '0.32.0' ],
3384 silly audit   'jsc-safe-url': [ '0.2.4' ],
3384 silly audit   lightningcss: [ '1.30.2' ],
3384 silly audit   postcss: [ '8.4.49' ],
3384 silly audit   '@babel/helper-compilation-targets': [ '7.27.2' ],
3384 silly audit   '@babel/helper-module-transforms': [ '7.28.3' ],
3384 silly audit   '@babel/helpers': [ '7.28.4' ],
3384 silly audit   '@babel/parser': [ '7.28.4' ],
3384 silly audit   '@babel/template': [ '7.27.2' ],
3384 silly audit   '@babel/traverse': [ '7.28.4' ],
3384 silly audit   '@babel/types': [ '7.28.4' ],
3384 silly audit   '@jridgewell/remapping': [ '2.3.5' ],
3384 silly audit   'convert-source-map': [ '2.0.0' ],
3384 silly audit   gensync: [ '1.0.0-beta.2' ],
3384 silly audit   '@jridgewell/gen-mapping': [ '0.3.13' ],
3384 silly audit   '@jridgewell/trace-mapping': [ '0.3.31' ],
3384 silly audit   jsesc: [ '3.1.0' ],
3384 silly audit   '@babel/compat-data': [ '7.28.4' ],
3384 silly audit   '@babel/helper-validator-option': [ '7.27.1' ],
3384 silly audit   'lru-cache': [ '5.1.1', '10.4.3' ],
3384 silly audit   '@babel/helper-module-imports': [ '7.27.1' ],
3384 silly audit   '@babel/helper-globals': [ '7.28.0' ],
3384 silly audit   '@babel/helper-string-parser': [ '7.27.1' ],
3384 silly audit   'exec-async': [ '2.2.0' ],
3384 silly audit   '@xmldom/xmldom': [ '0.8.11' ],
3384 silly audit   'base64-js': [ '1.5.1' ],
3384 silly audit   xmlbuilder: [ '15.1.1', '11.0.1' ],
3384 silly audit   '@react-native/normalize-colors': [ '0.81.4', '0.82.0' ],
3384 silly audit   'cross-spawn': [ '7.0.6' ],
3384 silly audit   'find-up': [ '5.0.0', '4.1.0' ],
3384 silly audit   'js-yaml': [ '4.1.0', '3.14.1' ],
3384 silly audit   '@jridgewell/sourcemap-codec': [ '1.5.5' ],
3384 silly audit   '@jridgewell/resolve-uri': [ '3.1.2' ],
3384 silly audit   '@isaacs/ttlcache': [ '1.4.1' ],
3384 silly audit   '@react-native/debugger-frontend': [ '0.81.4', '0.82.0' ],
3384 silly audit   'chrome-launcher': [ '0.15.2' ],
3384 silly audit   'chromium-edge-launcher': [ '0.2.0' ],
3384 silly audit   invariant: [ '2.2.4' ],
3384 silly audit   open: [ '7.4.2', '8.4.2' ],
3384 silly audit   'serve-static': [ '1.16.2' ],
3384 silly audit   wonka: [ '6.3.5' ],
3384 silly audit   'mime-types': [ '2.1.35' ],
3384 silly audit   negotiator: [ '0.6.3', '0.6.4' ],
3384 silly audit   '@babel/plugin-proposal-decorators': [ '7.28.0' ],
3384 silly audit   '@babel/plugin-proposal-export-default-from': [ '7.27.1' ],
3384 silly audit   '@babel/plugin-syntax-export-default-from': [ '7.27.1' ],
3384 silly audit   '@babel/plugin-transform-class-static-block': [ '7.28.3' ],
3384 silly audit   '@babel/plugin-transform-export-namespace-from': [ '7.27.1' ],
3384 silly audit   '@babel/plugin-transform-flow-strip-types': [ '7.27.1' ],
3384 silly audit   '@babel/plugin-transform-modules-commonjs': [ '7.27.1' ],
3384 silly audit   '@babel/plugin-transform-object-rest-spread': [ '7.28.4' ],
3384 silly audit   '@babel/plugin-transform-parameters': [ '7.27.7' ],
3384 silly audit   '@babel/plugin-transform-private-methods': [ '7.27.1' ],
3384 silly audit   '@babel/plugin-transform-private-property-in-object': [ '7.27.1' ],
3384 silly audit   '@babel/plugin-transform-runtime': [ '7.28.3' ],
3384 silly audit   '@babel/preset-react': [ '7.27.1' ],
3384 silly audit   '@babel/preset-typescript': [ '7.27.1' ],
3384 silly audit   '@react-native/babel-preset': [ '0.81.4' ],
3384 silly audit   'babel-plugin-react-compiler': [ '1.0.0' ],
3384 silly audit   'babel-plugin-react-native-web': [ '0.21.1' ],
3384 silly audit   'babel-plugin-syntax-hermes-parser': [ '0.29.1', '0.32.0' ],
3384 silly audit   'babel-plugin-transform-flow-enums': [ '0.0.2' ],
3384 silly audit   '@babel/helper-create-class-features-plugin': [ '7.28.3' ],
3384 silly audit   '@babel/helper-plugin-utils': [ '7.27.1' ],
3384 silly audit   '@babel/plugin-syntax-decorators': [ '7.27.1' ],
3384 silly audit   '@babel/helper-annotate-as-pure': [ '7.27.3' ],
3384 silly audit   '@babel/helper-member-expression-to-functions': [ '7.27.1' ],
3384 silly audit   '@babel/helper-optimise-call-expression': [ '7.27.1' ],
3384 silly audit   '@babel/helper-replace-supers': [ '7.27.1' ],
3384 silly audit   '@babel/helper-skip-transparent-expression-wrappers': [ '7.27.1' ],
3384 silly audit   '@babel/plugin-syntax-flow': [ '7.27.1' ],
3384 silly audit   '@babel/plugin-transform-destructuring': [ '7.28.0' ],
3384 silly audit   'babel-plugin-polyfill-corejs2': [ '0.4.14' ],
3384 silly audit   'babel-plugin-polyfill-corejs3': [ '0.13.0' ],
3384 silly audit   'babel-plugin-polyfill-regenerator': [ '0.6.5' ],
3384 silly audit   '@babel/plugin-transform-react-display-name': [ '7.28.0' ],
3384 silly audit   '@babel/plugin-transform-react-jsx': [ '7.27.1' ],
3384 silly audit   '@babel/plugin-transform-react-jsx-development': [ '7.27.1' ],
3384 silly audit   '@babel/plugin-transform-react-pure-annotations': [ '7.27.1' ],
3384 silly audit   '@babel/plugin-syntax-jsx': [ '7.27.1' ],
3384 silly audit   '@babel/plugin-transform-typescript': [ '7.28.0' ],
3384 silly audit   '@babel/plugin-syntax-typescript': [ '7.27.1' ],
3384 silly audit   '@babel/plugin-syntax-dynamic-import': [ '7.8.3' ],
3384 silly audit   '@babel/plugin-syntax-nullish-coalescing-operator': [ '7.8.3' ],
3384 silly audit   '@babel/plugin-syntax-optional-chaining': [ '7.8.3' ],
3384 silly audit   '@babel/plugin-transform-arrow-functions': [ '7.27.1' ],
3384 silly audit   '@babel/plugin-transform-async-generator-functions': [ '7.28.0' ],
3384 silly audit   '@babel/plugin-transform-async-to-generator': [ '7.27.1' ],
3384 silly audit   '@babel/plugin-transform-block-scoping': [ '7.28.4' ],
3384 silly audit   '@babel/plugin-transform-class-properties': [ '7.27.1' ],
3384 silly audit   '@babel/plugin-transform-classes': [ '7.28.4' ],
3384 silly audit   '@babel/plugin-transform-computed-properties': [ '7.27.1' ],
3384 silly audit   '@babel/plugin-transform-for-of': [ '7.27.1' ],
3384 silly audit   '@babel/plugin-transform-function-name': [ '7.27.1' ],
3384 silly audit   '@babel/plugin-transform-literals': [ '7.27.1' ],
3384 silly audit   '@babel/plugin-transform-logical-assignment-operators': [ '7.27.1' ],
3384 silly audit   '@babel/plugin-transform-named-capturing-groups-regex': [ '7.27.1' ],
3384 silly audit   '@babel/plugin-transform-nullish-coalescing-operator': [ '7.27.1' ],
3384 silly audit   '@babel/plugin-transform-numeric-separator': [ '7.27.1' ],
3384 silly audit   '@babel/plugin-transform-optional-catch-binding': [ '7.27.1' ],
3384 silly audit   '@babel/plugin-transform-optional-chaining': [ '7.27.1' ],
3384 silly audit   '@babel/plugin-transform-react-jsx-self': [ '7.27.1' ],
3384 silly audit   '@babel/plugin-transform-react-jsx-source': [ '7.27.1' ],
3384 silly audit   '@babel/plugin-transform-regenerator': [ '7.28.4' ],
3384 silly audit   '@babel/plugin-transform-shorthand-properties': [ '7.27.1' ],
3384 silly audit   '@babel/plugin-transform-spread': [ '7.27.1' ],
3384 silly audit   '@babel/plugin-transform-sticky-regex': [ '7.27.1' ],
3384 silly audit   '@babel/plugin-transform-unicode-regex': [ '7.27.1' ],
3384 silly audit   '@react-native/babel-plugin-codegen': [ '0.81.4' ],
3384 silly audit   '@babel/helper-remap-async-to-generator': [ '7.27.1' ],
3384 silly audit   '@babel/helper-wrap-function': [ '7.28.3' ],
3384 silly audit   '@babel/helper-create-regexp-features-plugin': [ '7.27.1' ],
3384 silly audit   'regexpu-core': [ '6.4.0' ],
3384 silly audit   '@react-native/codegen': [ '0.81.4', '0.82.0' ],
3384 silly audit   yargs: [ '17.7.2' ],
3384 silly audit   '@babel/helper-define-polyfill-provider': [ '0.6.5' ],
3384 silly audit   'lodash.debounce': [ '4.0.8' ],
3384 silly audit   'core-js-compat': [ '3.46.0' ],
3384 silly audit   'stream-buffers': [ '2.2.0' ],
3384 silly audit   'big-integer': [ '1.6.52' ],
3384 silly audit   'baseline-browser-mapping': [ '2.8.15' ],
3384 silly audit   'caniuse-lite': [ '1.0.30001749' ],
3384 silly audit   'electron-to-chromium': [ '1.5.234' ],
3384 silly audit   'node-releases': [ '2.0.23' ],
3384 silly audit   'update-browserslist-db': [ '1.1.3' ],
3384 silly audit   'ansi-styles': [ '4.3.0', '5.2.0', '3.2.1', '6.2.3' ],
3384 silly audit   'supports-color': [ '7.2.0', '8.1.1', '5.5.0' ],
3384 silly audit   'color-convert': [ '2.0.1', '1.9.3' ],
3384 silly audit   '@types/node': [ '24.7.1' ],
3384 silly audit   'escape-string-regexp': [ '4.0.0', '2.0.0', '1.0.5' ],
3384 silly audit   'is-wsl': [ '2.2.0' ],
3384 silly audit   'lighthouse-logger': [ '1.4.2' ],
3384 silly audit   'undici-types': [ '7.14.0' ],
3384 silly audit   mkdirp: [ '1.0.4' ],
3384 silly audit   rimraf: [ '3.0.2' ],
3384 silly audit   'color-name': [ '1.1.4', '1.1.3' ],
3384 silly audit   bytes: [ '3.1.2' ],
3384 silly audit   compressible: [ '2.0.18' ],
3384 silly audit   'on-headers': [ '1.1.0' ],
3384 silly audit   'safe-buffer': [ '5.2.1' ],
3384 silly audit   vary: [ '1.1.2' ],
3384 silly audit   'mime-db': [ '1.54.0', '1.52.0' ],
3384 silly audit   finalhandler: [ '1.1.2' ],
3384 silly audit   parseurl: [ '1.3.3' ],
3384 silly audit   'utils-merge': [ '1.0.1' ],
3384 silly audit   'path-key': [ '3.1.1' ],
3384 silly audit   'shebang-command': [ '2.0.0' ],
3384 silly audit   which: [ '2.0.2' ],
3384 silly audit   ms: [ '2.1.3', '2.0.0' ],
3384 silly audit   fontfaceobserver: [ '2.3.0' ],
3384 silly audit   commander: [ '7.2.0', '12.1.0', '4.1.1', '2.20.3' ],
3384 silly audit   encodeurl: [ '1.0.2', '2.0.0' ],
3384 silly audit   'escape-html': [ '1.0.3' ],
3384 silly audit   'on-finished': [ '2.3.0', '2.4.1' ],
3384 silly audit   statuses: [ '1.5.0', '2.0.1' ],
3384 silly audit   unpipe: [ '1.0.0' ],
3384 silly audit   'locate-path': [ '6.0.0', '5.0.0' ],
3384 silly audit   'path-exists': [ '4.0.0' ],
3384 silly audit   'foreground-child': [ '3.3.1' ],
3384 silly audit   jackspeak: [ '3.4.3' ],
3384 silly audit   minipass: [ '7.1.2' ],
3384 silly audit   'package-json-from-dist': [ '1.0.1' ],
3384 silly audit   'path-scurry': [ '1.11.1' ],
3384 silly audit   'signal-exit': [ '4.1.0', '3.0.7' ],
3384 silly audit   'hermes-estree': [ '0.29.1', '0.32.0' ],
3384 silly audit   'loose-envify': [ '1.4.0' ],
3384 silly audit   'is-docker': [ '2.2.1' ],
3384 silly audit   '@isaacs/cliui': [ '8.0.2' ],
3384 silly audit   '@pkgjs/parseargs': [ '0.11.0' ],
3384 silly audit   'string-width': [ '5.1.2', '4.2.3' ],
3384 silly audit   'strip-ansi': [ '7.1.2', '6.0.1', '5.2.0' ],
3384 silly audit   argparse: [ '2.0.1', '1.0.10' ],
3384 silly audit   marky: [ '1.3.0' ],
3384 silly audit   'detect-libc': [ '2.1.2' ],
3384 silly audit   'lightningcss-android-arm64': [ '1.30.2' ],
3384 silly audit   'lightningcss-darwin-arm64': [ '1.30.2' ],
3384 silly audit   'lightningcss-darwin-x64': [ '1.30.2' ],
3384 silly audit   'lightningcss-freebsd-x64': [ '1.30.2' ],
3384 silly audit   'lightningcss-linux-arm-gnueabihf': [ '1.30.2' ],
3384 silly audit   'lightningcss-linux-arm64-gnu': [ '1.30.2' ],
3384 silly audit   'lightningcss-linux-arm64-musl': [ '1.30.2' ],
3384 silly audit   'lightningcss-linux-x64-gnu': [ '1.30.2' ],
3384 silly audit   'lightningcss-linux-x64-musl': [ '1.30.2' ],
3384 silly audit   'lightningcss-win32-arm64-msvc': [ '1.30.2' ],
3384 silly audit   'lightningcss-win32-x64-msvc': [ '1.30.2' ],
3384 silly audit   'p-locate': [ '5.0.0', '4.1.0' ],
3384 silly audit   yallist: [ '3.1.1', '5.0.0' ],
3384 silly audit   'error-stack-parser': [ '2.1.4' ],
3384 silly audit   'flow-enums-runtime': [ '0.0.6' ],
3384 silly audit   'graceful-fs': [ '4.2.11' ],
3384 silly audit   'image-size': [ '1.2.1' ],
3384 silly audit   'jest-worker': [ '29.7.0' ],
3384 silly audit   'lodash.throttle': [ '4.1.1' ],
3384 silly audit   'metro-symbolicate': [ '0.83.1' ],
3384 silly audit   'serialize-error': [ '2.1.0' ],
3384 silly audit   'source-map': [ '0.5.7', '0.6.1' ],
3384 silly audit   throat: [ '5.0.0' ],
3384 silly audit   stackframe: [ '1.3.4' ],
3384 silly audit   queue: [ '6.0.2' ],
3384 silly audit   'jest-util': [ '29.7.0' ],
3384 silly audit   'merge-stream': [ '2.0.0' ],
3384 silly audit   '@jest/types': [ '29.6.3' ],
3384 silly audit   '@jest/schemas': [ '29.6.3' ],
3384 silly audit   '@types/istanbul-lib-coverage': [ '2.0.6' ],
3384 silly audit   '@types/istanbul-reports': [ '3.0.4' ],
3384 silly audit   '@types/yargs': [ '17.0.33' ],
3384 silly audit   '@sinclair/typebox': [ '0.27.8' ],
3384 silly audit   '@types/istanbul-lib-report': [ '3.0.3' ],
3384 silly audit   '@types/yargs-parser': [ '21.0.3' ],
3384 silly audit   'exponential-backoff': [ '3.1.2' ],
3384 silly audit   'https-proxy-agent': [ '7.0.6' ],
3384 silly audit   'agent-base': [ '7.1.4' ],
3384 silly audit   cosmiconfig: [ '5.2.1' ],
3384 silly audit   'jest-validate': [ '29.7.0' ],
3384 silly audit   'import-fresh': [ '2.0.0' ],
3384 silly audit   'is-directory': [ '0.3.1' ],
3384 silly audit   'parse-json': [ '4.0.0' ],
3384 silly audit   'caller-path': [ '2.0.0' ],
3384 silly audit   'caller-callsite': [ '2.0.0' ],
3384 silly audit   callsites: [ '2.0.0' ],
3384 silly audit   camelcase: [ '6.3.0', '5.3.1' ],
3384 silly audit   'jest-get-type': [ '29.6.3' ],
3384 silly audit   leven: [ '3.1.0' ],
3384 silly audit   'fb-watchman': [ '2.0.2' ],
3384 silly audit   micromatch: [ '4.0.8' ],
3384 silly audit   walker: [ '1.0.8' ],
3384 silly audit   bser: [ '2.1.1' ],
3384 silly audit   'node-int64': [ '0.4.0' ],
3384 silly audit   ob1: [ '0.83.1' ],
3384 silly audit   vlq: [ '1.0.1' ],
3384 silly audit   'metro-minify-terser': [ '0.83.1' ],
3384 silly audit   terser: [ '5.44.0' ],
3384 silly audit   braces: [ '3.0.3' ],
3384 silly audit   'fill-range': [ '7.1.1' ],
3384 silly audit   'to-regex-range': [ '5.0.1' ],
3384 silly audit   'brace-expansion': [ '2.0.2', '1.1.12' ],
3384 silly audit   'balanced-match': [ '1.0.2' ],
3384 silly audit   'hosted-git-info': [ '7.0.2' ],
3384 silly audit   'proc-log': [ '4.2.0' ],
3384 silly audit   'validate-npm-package-name': [ '5.0.1' ],
3384 silly audit   'ee-first': [ '1.1.1' ],
3384 silly audit   'cli-cursor': [ '2.1.0' ],
3384 silly audit   'cli-spinners': [ '2.9.2' ],
3384 silly audit   'log-symbols': [ '2.2.0' ],
3384 silly audit   wcwidth: [ '1.0.1' ],
3384 silly audit   'restore-cursor': [ '2.0.0' ],
3384 silly audit   'yocto-queue': [ '0.1.0' ],
3384 silly audit   'error-ex': [ '1.3.4' ],
3384 silly audit   'json-parse-better-errors': [ '1.0.2' ],
3384 silly audit   'is-arrayish': [ '0.2.1' ],
3384 silly audit   pngjs: [ '3.4.0' ],
3384 silly audit   nanoid: [ '3.3.11' ],
3384 silly audit   'source-map-js': [ '1.2.1' ],
3384 silly audit   'react-is': [ '18.3.1' ],
3384 silly audit   kleur: [ '3.0.3' ],
3384 silly audit   sisteransi: [ '1.0.5' ],
3384 silly audit   inherits: [ '2.0.4' ],
3384 silly audit   '@jest/create-cache-key-function': [ '29.7.0' ],
3384 silly audit   '@react-native/assets-registry': [ '0.82.0' ],
3384 silly audit   '@react-native/community-cli-plugin': [ '0.82.0' ],
3384 silly audit   '@react-native/gradle-plugin': [ '0.82.0' ],
3384 silly audit   '@react-native/js-polyfills': [ '0.82.0' ],
3384 silly audit   '@react-native/virtualized-lists': [ '0.82.0' ],
3384 silly audit   'abort-controller': [ '3.0.0' ],
3384 silly audit   anser: [ '1.4.10' ],
3384 silly audit   'ansi-regex': [ '5.0.1', '6.2.2', '4.1.1' ],
3384 silly audit   'babel-jest': [ '29.7.0' ],
3384 silly audit   'hermes-compiler': [ '0.0.0' ],
3384 silly audit   'jest-environment-node': [ '29.7.0' ],
3384 silly audit   'memoize-one': [ '5.2.1' ],
3384 silly audit   promise: [ '8.3.0' ],
3384 silly audit   'react-devtools-core': [ '6.1.5' ],
3384 silly audit   'regenerator-runtime': [ '0.13.11' ],
3384 silly audit   scheduler: [ '0.26.0' ],
3384 silly audit   'whatwg-fetch': [ '3.6.20' ],
3384 silly audit   'event-target-shim': [ '5.0.1' ],
3384 silly audit   '@jest/transform': [ '29.7.0' ],
3384 silly audit   '@types/babel__core': [ '7.20.5' ],
3384 silly audit   'babel-plugin-istanbul': [ '6.1.1' ],
3384 silly audit   'babel-preset-jest': [ '29.6.3' ],
3384 silly audit   'fast-json-stable-stringify': [ '2.1.0' ],
3384 silly audit   'jest-haste-map': [ '29.7.0' ],
3384 silly audit   'jest-regex-util': [ '29.6.3' ],
3384 silly audit   pirates: [ '4.0.7' ],
3384 silly audit   'write-file-atomic': [ '4.0.2' ],
3384 silly audit   '@types/babel__generator': [ '7.27.0' ],
3384 silly audit   '@types/babel__template': [ '7.4.4' ],
3384 silly audit   '@types/babel__traverse': [ '7.28.0' ],
3384 silly audit   '@istanbuljs/load-nyc-config': [ '1.1.0' ],
3384 silly audit   '@istanbuljs/schema': [ '0.1.3' ],
3384 silly audit   'istanbul-lib-instrument': [ '5.2.1' ],
3384 silly audit   'test-exclude': [ '6.0.0' ],
3384 silly audit   'get-package-type': [ '0.1.0' ],
3384 silly audit   'babel-plugin-jest-hoist': [ '29.6.3' ],
3384 silly audit   'babel-preset-current-node-syntax': [ '1.2.0' ],
3384 silly audit   '@babel/plugin-syntax-async-generators': [ '7.8.4' ],
3384 silly audit   '@babel/plugin-syntax-bigint': [ '7.8.3' ],
3384 silly audit   '@babel/plugin-syntax-class-properties': [ '7.12.13' ],
3384 silly audit   '@babel/plugin-syntax-class-static-block': [ '7.14.5' ],
3384 silly audit   '@babel/plugin-syntax-import-attributes': [ '7.27.1' ],
3384 silly audit   '@babel/plugin-syntax-import-meta': [ '7.10.4' ],
3384 silly audit   '@babel/plugin-syntax-json-strings': [ '7.8.3' ],
3384 silly audit   '@babel/plugin-syntax-logical-assignment-operators': [ '7.10.4' ],
3384 silly audit   '@babel/plugin-syntax-numeric-separator': [ '7.10.4' ],
3384 silly audit   '@babel/plugin-syntax-object-rest-spread': [ '7.8.3' ],
3384 silly audit   '@babel/plugin-syntax-optional-catch-binding': [ '7.8.3' ],
3384 silly audit   '@babel/plugin-syntax-private-property-in-object': [ '7.14.5' ],
3384 silly audit   '@babel/plugin-syntax-top-level-await': [ '7.14.5' ],
3384 silly audit   'istanbul-lib-coverage': [ '3.2.2' ],
3384 silly audit   '@jest/environment': [ '29.7.0' ],
3384 silly audit   '@jest/fake-timers': [ '29.7.0' ],
3384 silly audit   'jest-mock': [ '29.7.0' ],
3384 silly audit   '@sinonjs/fake-timers': [ '10.3.0' ],
3384 silly audit   'jest-message-util': [ '29.7.0' ],
3384 silly audit   '@sinonjs/commons': [ '3.0.1' ],
3384 silly audit   'type-detect': [ '4.0.8' ],
3384 silly audit   '@types/graceful-fs': [ '4.1.9' ],
3384 silly audit   anymatch: [ '3.1.3' ],
3384 silly audit   fsevents: [ '2.3.3' ],
3384 silly audit   'normalize-path': [ '3.0.0' ],
3384 silly audit   '@types/stack-utils': [ '2.0.3' ],
3384 silly audit   'stack-utils': [ '2.0.6' ],
3384 silly audit   asap: [ '2.0.6' ],
3384 silly audit   'shell-quote': [ '1.8.3' ],
3384 silly audit   regenerate: [ '1.4.2' ],
3384 silly audit   'regenerate-unicode-properties': [ '10.2.2' ],
3384 silly audit   regjsgen: [ '0.8.0' ],
3384 silly audit   regjsparser: [ '0.13.0' ],
3384 silly audit   'unicode-match-property-ecmascript': [ '2.0.0' ],
3384 silly audit   'unicode-match-property-value-ecmascript': [ '2.2.1' ],
3384 silly audit   'nested-error-stacks': [ '2.0.1' ],
3384 silly audit   rc: [ '1.2.8' ],
3384 silly audit   'deep-extend': [ '0.6.0' ],
3384 silly audit   ini: [ '1.3.8' ],
3384 silly audit   minimist: [ '1.2.8' ],
3384 silly audit   'strip-json-comments': [ '2.0.1' ],
3384 silly audit   'is-core-module': [ '2.16.1' ],
3384 silly audit   'path-parse': [ '1.0.7' ],
3384 silly audit   'supports-preserve-symlinks-flag': [ '1.0.0' ],
3384 silly audit   hasown: [ '2.0.2' ],
3384 silly audit   'function-bind': [ '1.1.2' ],
3384 silly audit   'global-dirs': [ '0.1.1' ],
3384 silly audit   onetime: [ '2.0.1' ],
3384 silly audit   'mimic-fn': [ '1.2.0' ],
3384 silly audit   depd: [ '2.0.0' ],
3384 silly audit   destroy: [ '1.2.0' ],
3384 silly audit   etag: [ '1.8.1' ],
3384 silly audit   fresh: [ '0.5.2' ],
3384 silly audit   'http-errors': [ '2.0.0' ],
3384 silly audit   mime: [ '1.6.0' ],
3384 silly audit   'range-parser': [ '1.2.1' ],
3384 silly audit   setprototypeof: [ '1.2.0' ],
3384 silly audit   toidentifier: [ '1.0.1' ],
3384 silly audit   'shebang-regex': [ '3.0.0' ],
3384 silly audit   'buffer-from': [ '1.1.2' ],
3384 silly audit   'type-fest': [ '0.7.1', '0.21.3' ],
3384 silly audit   eastasianwidth: [ '0.2.0' ],
3384 silly audit   'emoji-regex': [ '9.2.2', '8.0.0' ],
3384 silly audit   'is-fullwidth-code-point': [ '3.0.0' ],
3384 silly audit   'lines-and-columns': [ '1.2.4' ],
3384 silly audit   mz: [ '2.7.0' ],
3384 silly audit   'ts-interface-checker': [ '0.1.13' ],
3384 silly audit   'any-promise': [ '1.3.0' ],
3384 silly audit   'object-assign': [ '4.1.1' ],
3384 silly audit   'thenify-all': [ '1.6.0' ],
3384 silly audit   'has-flag': [ '4.0.0', '3.0.0' ],
3384 silly audit   '@isaacs/fs-minipass': [ '4.0.1' ],
3384 silly audit   chownr: [ '3.0.0' ],
3384 silly audit   minizlib: [ '3.1.0' ],
3384 silly audit   'ansi-escapes': [ '4.3.2' ],
3384 silly audit   'supports-hyperlinks': [ '2.3.0' ],
3384 silly audit   '@jridgewell/source-map': [ '0.3.11' ],
3384 silly audit   acorn: [ '8.15.0' ],
3384 silly audit   thenify: [ '3.3.1' ],
3384 silly audit   'is-number': [ '7.0.0' ],
3384 silly audit   'unicode-canonical-property-names-ecmascript': [ '2.0.1' ],
3384 silly audit   'unicode-property-aliases-ecmascript': [ '2.2.0' ],
3384 silly audit   'crypto-random-string': [ '2.0.0' ],
3384 silly audit   escalade: [ '3.2.0' ],
3384 silly audit   makeerror: [ '1.0.12' ],
3384 silly audit   tmpl: [ '1.0.5' ],
3384 silly audit   defaults: [ '1.0.4' ],
3384 silly audit   clone: [ '1.0.4' ],
3384 silly audit   buffer: [ '5.7.1' ],
3384 silly audit   punycode: [ '2.3.1' ],
3384 silly audit   'webidl-conversions': [ '5.0.0' ],
3384 silly audit   ieee754: [ '1.2.1' ],
3384 silly audit   isexe: [ '2.0.0' ],
3384 silly audit   imurmurhash: [ '0.1.4' ],
3384 silly audit   'simple-plist': [ '1.3.1' ],
3384 silly audit   uuid: [ '7.0.3' ],
3384 silly audit   plist: [ '3.1.0' ],
3384 silly audit   sax: [ '1.4.1' ],
3384 silly audit   cliui: [ '8.0.1' ],
3384 silly audit   'get-caller-file': [ '2.0.5' ],
3384 silly audit   'require-directory': [ '2.1.1' ],
3384 silly audit   y18n: [ '5.0.8' ],
3384 silly audit   'yargs-parser': [ '21.1.1' ],
3384 silly audit   esprima: [ '4.0.1' ],
3384 silly audit   'sprintf-js': [ '1.0.3' ],
3384 silly audit   'p-try': [ '2.2.0' ],
3384 silly audit   'fs.realpath': [ '1.0.0' ],
3384 silly audit   inflight: [ '1.0.6' ],
3384 silly audit   once: [ '1.4.0' ],
3384 silly audit   'path-is-absolute': [ '1.0.1' ],
3384 silly audit   wrappy: [ '1.0.2' ],
3384 silly audit   'concat-map': [ '0.0.1' ],
3384 silly audit   '@react-native/debugger-shell': [ '0.82.0' ],
3384 silly audit   'fb-dotslash': [ '0.5.8' ],
3384 silly audit   'async-limiter': [ '1.0.1' ],
3384 silly audit   'define-lazy-prop': [ '2.0.0' ]
3384 silly audit }
3385 verbose reify failed optional dependency /Users/zach/projects/Steppin/.npm-cache/_npx/249ca9fcd30c476a/node_modules/lightningcss-win32-x64-msvc
3386 silly reify mark deleted [
3386 silly reify   '/Users/zach/projects/Steppin/.npm-cache/_npx/249ca9fcd30c476a/node_modules/lightningcss-win32-x64-msvc'
3386 silly reify ]
3387 verbose reify failed optional dependency /Users/zach/projects/Steppin/.npm-cache/_npx/249ca9fcd30c476a/node_modules/lightningcss-win32-arm64-msvc
3388 silly reify mark deleted [
3388 silly reify   '/Users/zach/projects/Steppin/.npm-cache/_npx/249ca9fcd30c476a/node_modules/lightningcss-win32-arm64-msvc'
3388 silly reify ]
3389 verbose reify failed optional dependency /Users/zach/projects/Steppin/.npm-cache/_npx/249ca9fcd30c476a/node_modules/lightningcss-linux-x64-musl
3390 silly reify mark deleted [
3390 silly reify   '/Users/zach/projects/Steppin/.npm-cache/_npx/249ca9fcd30c476a/node_modules/lightningcss-linux-x64-musl'
3390 silly reify ]
3391 verbose reify failed optional dependency /Users/zach/projects/Steppin/.npm-cache/_npx/249ca9fcd30c476a/node_modules/lightningcss-linux-x64-gnu
3392 silly reify mark deleted [
3392 silly reify   '/Users/zach/projects/Steppin/.npm-cache/_npx/249ca9fcd30c476a/node_modules/lightningcss-linux-x64-gnu'
3392 silly reify ]
3393 verbose reify failed optional dependency /Users/zach/projects/Steppin/.npm-cache/_npx/249ca9fcd30c476a/node_modules/lightningcss-linux-arm64-musl
3394 silly reify mark deleted [
3394 silly reify   '/Users/zach/projects/Steppin/.npm-cache/_npx/249ca9fcd30c476a/node_modules/lightningcss-linux-arm64-musl'
3394 silly reify ]
3395 verbose reify failed optional dependency /Users/zach/projects/Steppin/.npm-cache/_npx/249ca9fcd30c476a/node_modules/lightningcss-linux-arm64-gnu
3396 silly reify mark deleted [
3396 silly reify   '/Users/zach/projects/Steppin/.npm-cache/_npx/249ca9fcd30c476a/node_modules/lightningcss-linux-arm64-gnu'
3396 silly reify ]
3397 verbose reify failed optional dependency /Users/zach/projects/Steppin/.npm-cache/_npx/249ca9fcd30c476a/node_modules/lightningcss-linux-arm-gnueabihf
3398 silly reify mark deleted [
3398 silly reify   '/Users/zach/projects/Steppin/.npm-cache/_npx/249ca9fcd30c476a/node_modules/lightningcss-linux-arm-gnueabihf'
3398 silly reify ]
3399 verbose reify failed optional dependency /Users/zach/projects/Steppin/.npm-cache/_npx/249ca9fcd30c476a/node_modules/lightningcss-freebsd-x64
3400 silly reify mark deleted [
3400 silly reify   '/Users/zach/projects/Steppin/.npm-cache/_npx/249ca9fcd30c476a/node_modules/lightningcss-freebsd-x64'
3400 silly reify ]
3401 verbose reify failed optional dependency /Users/zach/projects/Steppin/.npm-cache/_npx/249ca9fcd30c476a/node_modules/lightningcss-darwin-x64
3402 silly reify mark deleted [
3402 silly reify   '/Users/zach/projects/Steppin/.npm-cache/_npx/249ca9fcd30c476a/node_modules/lightningcss-darwin-x64'
3402 silly reify ]
3403 verbose reify failed optional dependency /Users/zach/projects/Steppin/.npm-cache/_npx/249ca9fcd30c476a/node_modules/lightningcss-android-arm64
3404 silly reify mark deleted [
3404 silly reify   '/Users/zach/projects/Steppin/.npm-cache/_npx/249ca9fcd30c476a/node_modules/lightningcss-android-arm64'
3404 silly reify ]
3405 silly tarball no local data for fb-dotslash@https://registry.npmjs.org/fb-dotslash/-/fb-dotslash-0.5.8.tgz. Extracting by manifest.
3406 silly tarball no local data for @react-native/debugger-shell@https://registry.npmjs.org/@react-native/debugger-shell/-/debugger-shell-0.82.0.tgz. Extracting by manifest.
3407 silly tarball no local data for hermes-compiler@https://registry.npmjs.org/hermes-compiler/-/hermes-compiler-0.0.0.tgz. Extracting by manifest.
3408 silly tarball no local data for @react-native/virtualized-lists@https://registry.npmjs.org/@react-native/virtualized-lists/-/virtualized-lists-0.82.0.tgz. Extracting by manifest.
3409 silly tarball no local data for @react-native/js-polyfills@https://registry.npmjs.org/@react-native/js-polyfills/-/js-polyfills-0.82.0.tgz. Extracting by manifest.
3410 silly tarball no local data for @react-native/gradle-plugin@https://registry.npmjs.org/@react-native/gradle-plugin/-/gradle-plugin-0.82.0.tgz. Extracting by manifest.
3411 silly tarball no local data for @react-native/community-cli-plugin@https://registry.npmjs.org/@react-native/community-cli-plugin/-/community-cli-plugin-0.82.0.tgz. Extracting by manifest.
3412 silly tarball no local data for @react-native/assets-registry@https://registry.npmjs.org/@react-native/assets-registry/-/assets-registry-0.82.0.tgz. Extracting by manifest.
3413 silly tarball no local data for mime-db@https://registry.npmjs.org/mime-db/-/mime-db-1.54.0.tgz. Extracting by manifest.
3414 silly tarball no local data for undici-types@https://registry.npmjs.org/undici-types/-/undici-types-7.14.0.tgz. Extracting by manifest.
3415 silly tarball no local data for @types/node@https://registry.npmjs.org/@types/node/-/node-24.7.1.tgz. Extracting by manifest.
3416 silly tarball no local data for electron-to-chromium@https://registry.npmjs.org/electron-to-chromium/-/electron-to-chromium-1.5.234.tgz. Extracting by manifest.
3417 silly tarball no local data for caniuse-lite@https://registry.npmjs.org/caniuse-lite/-/caniuse-lite-1.0.30001749.tgz. Extracting by manifest.
3418 silly tarball no local data for core-js-compat@https://registry.npmjs.org/core-js-compat/-/core-js-compat-3.46.0.tgz. Extracting by manifest.
3419 silly tarball no local data for baseline-browser-mapping@https://registry.npmjs.org/baseline-browser-mapping/-/baseline-browser-mapping-2.8.15.tgz. Extracting by manifest.
3420 silly tarball no local data for babel-plugin-react-compiler@https://registry.npmjs.org/babel-plugin-react-compiler/-/babel-plugin-react-compiler-1.0.0.tgz. Extracting by manifest.
3421 silly tarball no local data for semver@https://registry.npmjs.org/semver/-/semver-7.7.3.tgz. Extracting by manifest.
3422 silly tarball no local data for send@https://registry.npmjs.org/send/-/send-0.19.1.tgz. Extracting by manifest.
3423 silly tarball no local data for expo-server@https://registry.npmjs.org/expo-server/-/expo-server-1.0.1.tgz. Extracting by manifest.
3424 silly tarball no local data for bplist-parser@https://registry.npmjs.org/bplist-parser/-/bplist-parser-0.3.2.tgz. Extracting by manifest.
3425 silly tarball no local data for @expo/prebuild-config@https://registry.npmjs.org/@expo/prebuild-config/-/prebuild-config-54.0.5.tgz. Extracting by manifest.
3426 silly tarball no local data for expo-modules-autolinking@https://registry.npmjs.org/expo-modules-autolinking/-/expo-modules-autolinking-3.0.15.tgz. Extracting by manifest.
3427 silly tarball no local data for expo-modules-core@https://registry.npmjs.org/expo-modules-core/-/expo-modules-core-3.0.21.tgz. Extracting by manifest.
3428 silly tarball no local data for expo-file-system@https://registry.npmjs.org/expo-file-system/-/expo-file-system-19.0.17.tgz. Extracting by manifest.
3429 silly tarball no local data for babel-preset-expo@https://registry.npmjs.org/babel-preset-expo/-/babel-preset-expo-54.0.4.tgz. Extracting by manifest.
3430 silly tarball no local data for expo-font@https://registry.npmjs.org/expo-font/-/expo-font-14.0.9.tgz. Extracting by manifest.
3431 silly tarball no local data for @expo/cli@https://registry.npmjs.org/@expo/cli/-/cli-54.0.11.tgz. Extracting by manifest.
3432 silly tarball no local data for react@https://registry.npmjs.org/react/-/react-19.2.0.tgz. Extracting by manifest.
3433 silly tarball no local data for expo@https://registry.npmjs.org/expo/-/expo-54.0.13.tgz. Extracting by manifest.
3434 silly tarball no local data for react-native@https://registry.npmjs.org/react-native/-/react-native-0.82.0.tgz. Extracting by manifest.
3435 silly tarball no local data for @react-native/dev-middleware@https://registry.npmjs.org/@react-native/dev-middleware/-/dev-middleware-0.82.0.tgz. Extracting by manifest.
3436 silly tarball no local data for @react-native/debugger-frontend@https://registry.npmjs.org/@react-native/debugger-frontend/-/debugger-frontend-0.82.0.tgz. Extracting by manifest.
3437 silly tarball no local data for hermes-parser@https://registry.npmjs.org/hermes-parser/-/hermes-parser-0.32.0.tgz. Extracting by manifest.
3438 silly tarball no local data for hermes-estree@https://registry.npmjs.org/hermes-estree/-/hermes-estree-0.32.0.tgz. Extracting by manifest.
3439 silly tarball no local data for @react-native/normalize-colors@https://registry.npmjs.org/@react-native/normalize-colors/-/normalize-colors-0.82.0.tgz. Extracting by manifest.
3440 silly tarball no local data for @react-native/codegen@https://registry.npmjs.org/@react-native/codegen/-/codegen-0.82.0.tgz. Extracting by manifest.
3441 silly tarball no local data for babel-plugin-syntax-hermes-parser@https://registry.npmjs.org/babel-plugin-syntax-hermes-parser/-/babel-plugin-syntax-hermes-parser-0.32.0.tgz. Extracting by manifest.
3442 http fetch POST 200 https://registry.npmjs.org/-/npm/v1/security/advisories/bulk 442ms
3443 silly audit report {}
3444 warn deprecated inflight@1.0.6: This module is not supported, and leaks memory. Do not use it. Check out lru-cache if you want a good and tested way to coalesce async requests by a key value, which is much more comprehensive and powerful.
3445 warn deprecated rimraf@3.0.2: Rimraf versions prior to v4 are no longer supported
3446 warn deprecated glob@7.2.3: Glob versions prior to v9 are no longer supported
3447 warn deprecated glob@7.2.3: Glob versions prior to v9 are no longer supported
3448 warn deprecated glob@7.2.3: Glob versions prior to v9 are no longer supported
3449 warn deprecated glob@7.2.3: Glob versions prior to v9 are no longer supported
3450 http fetch GET 200 https://registry.npmjs.org/hermes-compiler/-/hermes-compiler-0.0.0.tgz 622ms (cache miss)
3451 http fetch GET 200 https://registry.npmjs.org/@react-native/assets-registry/-/assets-registry-0.82.0.tgz 621ms (cache miss)
3452 http fetch GET 200 https://registry.npmjs.org/@react-native/js-polyfills/-/js-polyfills-0.82.0.tgz 623ms (cache miss)
3453 http fetch GET 200 https://registry.npmjs.org/mime-db/-/mime-db-1.54.0.tgz 687ms (cache miss)
3454 http fetch GET 200 https://registry.npmjs.org/bplist-parser/-/bplist-parser-0.3.2.tgz 691ms (cache miss)
3455 http fetch GET 200 https://registry.npmjs.org/send/-/send-0.19.1.tgz 695ms (cache miss)
3456 http fetch GET 200 https://registry.npmjs.org/@react-native/normalize-colors/-/normalize-colors-0.82.0.tgz 710ms (cache miss)
3457 http fetch GET 200 https://registry.npmjs.org/babel-plugin-syntax-hermes-parser/-/babel-plugin-syntax-hermes-parser-0.32.0.tgz 725ms (cache miss)
3458 http fetch GET 200 https://registry.npmjs.org/baseline-browser-mapping/-/baseline-browser-mapping-2.8.15.tgz 769ms (cache miss)
3459 http fetch GET 200 https://registry.npmjs.org/react/-/react-19.2.0.tgz 868ms (cache miss)
3460 http fetch GET 200 https://registry.npmjs.org/@react-native/virtualized-lists/-/virtualized-lists-0.82.0.tgz 887ms (cache miss)
3461 http fetch GET 200 https://registry.npmjs.org/babel-preset-expo/-/babel-preset-expo-54.0.4.tgz 878ms (cache miss)
3462 http fetch GET 200 https://registry.npmjs.org/undici-types/-/undici-types-7.14.0.tgz 886ms (cache miss)
3463 http fetch GET 200 https://registry.npmjs.org/electron-to-chromium/-/electron-to-chromium-1.5.234.tgz 887ms (cache miss)
3464 http fetch GET 200 https://registry.npmjs.org/@react-native/community-cli-plugin/-/community-cli-plugin-0.82.0.tgz 923ms (cache miss)
3465 http fetch GET 200 https://registry.npmjs.org/hermes-estree/-/hermes-estree-0.32.0.tgz 919ms (cache miss)
3466 http fetch GET 200 https://registry.npmjs.org/semver/-/semver-7.7.3.tgz 937ms (cache miss)
3467 http fetch GET 200 https://registry.npmjs.org/@react-native/dev-middleware/-/dev-middleware-0.82.0.tgz 1011ms (cache miss)
3468 http fetch GET 200 https://registry.npmjs.org/core-js-compat/-/core-js-compat-3.46.0.tgz 1023ms (cache miss)
3469 http fetch GET 200 https://registry.npmjs.org/@react-native/debugger-shell/-/debugger-shell-0.82.0.tgz 1031ms (cache miss)
3470 http fetch GET 200 https://registry.npmjs.org/expo-font/-/expo-font-14.0.9.tgz 1200ms (cache miss)
3471 http fetch GET 200 https://registry.npmjs.org/hermes-parser/-/hermes-parser-0.32.0.tgz 1223ms (cache miss)
3472 http fetch GET 200 https://registry.npmjs.org/expo-server/-/expo-server-1.0.1.tgz 1248ms (cache miss)
3473 http fetch GET 200 https://registry.npmjs.org/babel-plugin-react-compiler/-/babel-plugin-react-compiler-1.0.0.tgz 1328ms (cache miss)
3474 http fetch GET 200 https://registry.npmjs.org/@expo/prebuild-config/-/prebuild-config-54.0.5.tgz 1329ms (cache miss)
3475 http fetch GET 200 https://registry.npmjs.org/expo-file-system/-/expo-file-system-19.0.17.tgz 1372ms (cache miss)
3476 http fetch GET 200 https://registry.npmjs.org/@types/node/-/node-24.7.1.tgz 1403ms (cache miss)
3477 http fetch GET 200 https://registry.npmjs.org/@react-native/codegen/-/codegen-0.82.0.tgz 1431ms (cache miss)
3478 http fetch GET 200 https://registry.npmjs.org/@react-native/gradle-plugin/-/gradle-plugin-0.82.0.tgz 1457ms (cache miss)
3479 http fetch GET 200 https://registry.npmjs.org/expo-modules-autolinking/-/expo-modules-autolinking-3.0.15.tgz 1544ms (cache miss)
3480 http fetch GET 200 https://registry.npmjs.org/expo/-/expo-54.0.13.tgz 1567ms (cache miss)
3481 http fetch GET 200 https://registry.npmjs.org/fb-dotslash/-/fb-dotslash-0.5.8.tgz 1612ms (cache miss)
3482 http fetch GET 200 https://registry.npmjs.org/caniuse-lite/-/caniuse-lite-1.0.30001749.tgz 1743ms (cache miss)
3483 http fetch GET 200 https://registry.npmjs.org/expo-modules-core/-/expo-modules-core-3.0.21.tgz 1892ms (cache miss)
3484 http fetch GET 200 https://registry.npmjs.org/@expo/cli/-/cli-54.0.11.tgz 1987ms (cache miss)
3485 http fetch GET 200 https://registry.npmjs.org/@react-native/debugger-frontend/-/debugger-frontend-0.82.0.tgz 2161ms (cache miss)
3486 http fetch GET 200 https://registry.npmjs.org/react-native/-/react-native-0.82.0.tgz 3082ms (cache miss)
3487 info run fsevents@2.3.3 install node_modules/fsevents node-gyp rebuild
3488 info run fsevents@2.3.3 install { code: 1, signal: null }
3489 verbose reify failed optional dependency /Users/zach/projects/Steppin/.npm-cache/_npx/249ca9fcd30c476a/node_modules/fsevents
3490 silly reify mark deleted [
3490 silly reify   '/Users/zach/projects/Steppin/.npm-cache/_npx/249ca9fcd30c476a/node_modules/fsevents'
3490 silly reify ]
3491 verbose cwd /Users/zach/projects/Steppin
3492 verbose os Darwin 24.6.0
3493 verbose node v20.19.5
3494 verbose npm  v10.8.2
3495 verbose exit 1
3496 verbose code 1
